{"activeInvestors|investor":[{"avatar":"http://thirdwx.qlogo.cn/mmopen/vi_32/Q0j4TwGTfTK2IpJWGTAW9ULvmOGLphqRPsr8u2hMk7WrAHJAIdjKBgZ3tuS5snhpUFf8rINrSWuAFUYjvw4wYg/132","coinvestorType":"NONE","enterpriser":"0","id":"2147069913","investorType":"10","inviterUid":"0","is36kr":false,"isOrganizationCoinvestor":false,"leadInvestorType":"NONE","name":"武凯文","nickName":"Kevin","source":"0","status":"2"},{"avatar":"https://pic.36krcnd.com/avatar/201803/08070631/w3eqvpsilh9y0yre.jpeg!480","coinvestorType":"NONE","enterpriser":"0","id":"2147060064","investorType":"10","inviterUid":"0","is36kr":false,"isOrganizationCoinvestor":false,"leadInvestorType":"NONE","name":"吴浩","nickName":"吴浩@科大讯飞","source":"0","status":"2"},{"avatar":"http://wx.qlogo.cn/mmopen/Asz6zle1CoTojoOSBTeibp1PSVoIAVAAu3q1k46akAs7m215R4ZQ7QtnUmW2dOPJ5zfoEKXxQdtwI9Oa3XboyictW2vZLbPEiac/0","coinvestorType":"NONE","enterpriser":"0","id":"2146781539","investorType":"10","inviterUid":"0","is36kr":false,"isOrganizationCoinvestor":false,"leadInvestorType":"NONE","name":"孙彦萌","nickName":"yanmeng","source":"0","status":"2"},{"avatar":"http://wx.qlogo.cn/mmopen/vi_32/Q0j4TwGTfTIkq2w4x02FibIrGUq4KJYxfNH0icx6CYDacFdeiaj5icbcYYdJOkytL40GniabqaMApRehkgecgoaLM7w/0","coinvestorType":"NONE","enterpriser":"0","id":"2146637036","investorType":"10","inviterUid":"0","is36kr":false,"isOrganizationCoinvestor":false,"leadInvestorType":"NONE","name":"汪雪融","nickName":"雪融","source":"0","status":"2"},{"avatar":"https://pic.36krcnd.com/avatar/201707/03072305/rjt2zc83jcz57wmy.jpeg!480","coinvestorType":"NONE","enterpriser":"0","id":"2145602490","investorType":"10","inviterUid":"0","is36kr":false,"isOrganizationCoinvestor":false,"leadInvestorType":"NONE","name":"王晓妍","nickName":"小研聊科技","source":"0","status":"2"}],"followCompanies|company":[{"auditDate":"1431599514000","cid":"134404","company":{"address1":"101","address2":"20108","address3":"0","autoScore":"0.225883","brief":"即点即玩的云游戏平台","companyType":"WEB","createDate":"1428634386000","crowdfundingId":"0","faId":"0","financeEventId":"0","financePhase":"NONE","fullName":"动视云（北京）科技有限公司","fundId":"403","hasManager":true,"id":"134404","industry":"MEDIA","industry2":"210021","isCompleted":"0","isDeleted":false,"isStartup":true,"krRate":"0","krScore":"0","logo":"https://krplus-pic.b0.upaiyun.com/201504/10105137/e0e6431164151505.png","managerId":"18008","name":"格来云游戏","operationStatus":"OPEN","source":"CREATION","startDate":"1388505600000","status":"CLAIMED","trendChart":"https://krplus-pic.b0.upaiyun.com/trend_chart/20180828_pic/134404.png","updateDate":"1535490280000","website":"http://www.gloud.cn"},"fundValue":"1000","fundValueUnit":"CNY","phase":"Pre-A轮","privilage":"0","shares":"5%-10%","status":"PASSED","uid":"18008","updateDate":"1490676877000"},{"auditDate":"1432893770000","cid":"141710","company":{"address1":"119","address2":"21901","address3":"3190104","autoScore":"0.213132","brief":"新型的互联网金融交易平台","companyType":"WEB","createDate":"1432042391000","crowdfundingId":"0","faId":"0","financeEventId":"4896","financePhase":"PRE_A","fullName":"广州市迪凡企业管理咨询有限公司","fundId":"2490","hasManager":true,"id":"141710","industry":"FINANCE","industry2":"0","isCompleted":"0","isDeleted":false,"isStartup":true,"krRate":"0","krScore":"1.86","logo":"https://pic.36krcnd.com/avatar/201612/10031200/xiq4n9glxwccofg1.png","managerId":"8512","name":"超交易","operationStatus":"OPEN","source":"CREATION","startDate":"1388505600000","status":"CLAIMED","trendChart":"","updateDate":"1507669570000","website":"http://www.minijiaoyi.com"},"fundValue":"1800","fundValueUnit":"CNY","phase":"A轮","privilage":"0","shares":"10%","status":"RECOMMENDED","uid":"8512","updateDate":"1490676895000"},{"cid":"155369","company":{"address1":"101","address2":"20105","autoScore":"0.223795","brief":"中式扎实基础教育的国际化素质教育补充，北美教学体系中国市场化","companyType":"WEB","createDate":"1437094026000","crowdfundingId":"0","faId":"0","financeEventId":"12463","financePhase":"ANGEL","fullName":"博商创维教育科技有限公司","fundId":"0","hasManager":true,"id":"155369","industry":"EDUCATION_TRAINING","industry2":"210040","isCompleted":"0","isDeleted":false,"isStartup":true,"krRate":"0","krScore":"0","logo":"https://krplus-pic.b0.upaiyun.com/201507/27035455/21064fa804a8bf06.png","managerId":"150340","name":"加拿大教室K12 O2O内容提供商","operationStatus":"ONLINE_IN_6MONTH","source":"CREATION","startDate":"1420041600000","status":"CLAIMED","trendChart":"","updateDate":"1507669610000","website":"http://162.244.228.50/"},"fundId":"7185","fundValue":"100","fundValueUnit":"USD","phase":"天使轮"},{"auditDate":"1459938049000","cid":"202970","company":{"address1":"101","address2":"20105","address3":"0","autoScore":"0.189342","brief":"幼儿教育移动互联产品","companyType":"WEB","createDate":"1458539461000","crowdfundingId":"0","faId":"0","financeEventId":"0","financePhase":"NONE","fullName":"北京思博智德教育科技有限公司","fundId":"1004766","hasManager":true,"id":"202970","industry":"EDUCATION_TRAINING","industry2":"210039","isCompleted":"0","isDeleted":false,"isStartup":true,"krRate":"0","krScore":"0","logo":"https://krplus-pic.b0.upaiyun.com/com_logo_v3/logo_off_99830.jpg","managerId":"343031069","name":"爱贝贝","operationStatus":"OPEN","source":"BULK_IMPORT_CREATION","startDate":"1401552000000","status":"CLAIMED","trendChart":"","updateDate":"1507669754000","website":""},"fundValue":"15000000","fundValueUnit":"CNY","phase":"Pre-A轮","privilage":"0","shares":"15%","status":"PASSED","uid":"343031069","updateDate":"1490677009000"},{"cid":"352315","company":{"address1":"119","address2":"21903","autoScore":"0.486181","brief":"在线查询日常用品成分的网站","companyType":"WEB","createDate":"1491555736000","crowdfundingId":"0","faId":"0","financeEventId":"0","financePhase":"NONE","fullName":"深圳市爱奇联科技有限公司","fundId":"0","hasManager":true,"id":"352315","industry":"CONSUMER_LIFESTYLE","isCompleted":"0","isDeleted":false,"isStartup":true,"krRate":"0","krScore":"0","logo":"https://pic.36krcnd.com/avatar/201704/03150339/abxhnffa0li4wic9.png","managerId":"377620301","name":"奇联网","operationStatus":"OPEN","source":"CREATION","startDate":"1420041600000","status":"CLAIMED","trendChart":"","updateDate":"1507670347000","website":"http://www.aiqilian.com"}}],"hotLinks|hotLinks":[{"title":"股权投资项目","url":"https://www.36jr.com/projects"},{"title":"普安药房股权投资","url":"https://www.36jr.com/project/203"},{"title":"机器翻译","url":"http://36kr.com/p/533801.html"},{"title":"一家民宿","url":"http://36kr.com/tags/yijiaminsu"},{"title":"王思聪香蕉体育","url":"http://36kr.com/p/5061409.html"},{"title":"三好网社区","url":"http://36kr.com/p/532777.html"},{"title":"更美医疗","url":"http://36kr.com/p/5035627.html"},{"title":"非凡网相关报道","url":"http://36kr.com/tags/feifanwang"}],"hotTags|hotTags":[{"title":"淘当铺","url":"http://36kr.com/tags/taodangpu"},{"title":"比特币","url":"http://36kr.com/tags/bitebi"},{"title":"Uber新APP","url":"http://36kr.com/p/5055657.html"},{"title":"网约车新政第一天","url":"http://36kr.com/p/5055625.html"},{"title":"飞凡网","url":"http://36kr.com/tags/feifanwang"},{"title":"趣分期","url":"http://36kr.com/tags/qufenqi"},{"title":"理财相关","url":"http://36kr.com/tags/licai"},{"title":"网银钱包","url":"http://36kr.com/tags/wangyinqianbao"},{"title":"苹果iPhone8","url":"http://36kr.com/p/5055707.html"},{"title":"网约车新政","url":"http://36kr.com/p/5055572.html"}],"hotPosts|hotPost":[{"id":"5150982","goods_id":"0","column_id":"219","monographic_id":null,"related_company_id":"0","related_company_type":"domestic","related_company_name":"","total_words":"2951","close_comment":"0","title":"滴滴出事儿，死的有可能是嘀嗒","catch_title":"","summary":"很多事情经常会以一个戏剧的方式结尾，最近成为话题焦点的是滴滴，但是很可能这一拨儿顺风车危机下受伤害最深的不是滴滴。","cover":"https://pic.36krcnd.com/201808/30062001/fax5e3zwh56k76fm!heading","related_post_ids":"[\"5144830\",\"5150564\",\"5150569\"]","extraction_tags":"[[\"社交\",1],[\"媒体\",1],[\"投资机构\",1],[\"崇德投资\",2],[\"远瞻资本\",2],[\"挚信资本\",2],[\"易到\",2],[\"跑步\",2]]","user_id":"375349","published_at":"2018-08-30 14:34:32","created_at":"2018-08-30 14:16:18","updated_at":"2018-08-30 15:27:41","counters":{"view_count":"67666","pv":"2440","pv_mobile":"1830","pv_app":"10127","favorite":"105","comment":"38","like":"42"},"related_posts":null,"is_free":"0","is_tovc":"0","template_info":{"template_type":"small_image","template_title":"滴滴出事儿，死的有可能是嘀嗒","template_title_isSame":true,"template_cover":["https://pic.36krcnd.com/201808/30061955/mkw08hvcykkymv0x!heading"]},"entity_flag":null,"title_mobile":null,"cover_mobile":null,"column":{"id":"219","name":"汽车交通","introduction":" ","bg_color":""},"db_counters":[{"id":"2291735","entity_type":"post","entity_id":"5150982","count_type":"comment","value":"38"},{"id":"2291602","entity_type":"post","entity_id":"5150982","count_type":"favorite","value":"105"},{"id":"2291713","entity_type":"post","entity_id":"5150982","count_type":"like","value":"42"},{"id":"2291594","entity_type":"post","entity_id":"5150982","count_type":"pv","value":"2440"},{"id":"2291595","entity_type":"post","entity_id":"5150982","count_type":"pv_app","value":"10127"},{"id":"2291596","entity_type":"post","entity_id":"5150982","count_type":"pv_mobile","value":"1830"}],"user":{"id":"375349","name":"36氪的朋友们","avatar_url":"http://krplus-pic.b0.upaiyun.com/201603/22055321/cg0huhoojxi0iipw.jpg!480","introduction":"群众的智慧是无穷的~欢迎一线的创业者和投资者分享你们的观察和看法 tips@36kr.com","is_push_outside":"0"}},{"id":"5150884","goods_id":"0","column_id":"170","monographic_id":null,"related_company_id":"0","related_company_type":"domestic","related_company_name":"","total_words":"2797","close_comment":"0","title":"8点1氪 | 亚马逊市值逼近万亿美元；10月个税起征点拟提至5000元；中国获得亚运会英雄联盟金牌","catch_title":"","summary":"亚马逊多久可以冲破万亿美元市值？","cover":"https://pic.36krcnd.com/201808/29230133/q28t56mcxh87of98!heading","related_post_ids":"[\"5141421\",\"5143972\",\"5148255\"]","extraction_tags":"[[\"大公司\",1],[\"投资机构\",1],[\"游戏\",1],[\"亚马逊\",2],[\"光线传媒\",2],[\"摩根士丹利\",2],[\"高瓴资本\",2],[\"启明创投\",2]]","user_id":"308613651","published_at":"2018-08-30 07:50:03","created_at":"2018-08-30 06:37:03","updated_at":"2018-08-30 08:27:17","counters":{"view_count":"58332","pv":"1403","pv_mobile":"494","pv_app":"10514","favorite":"47","comment":"7","like":"33"},"related_posts":null,"is_free":"0","is_tovc":"0","template_info":{"template_type":"small_image","template_title":"8点1氪 | 亚马逊市值逼近万亿美元；10月个税起征点拟提至5000元；中国获得亚运会英雄联盟金牌","template_title_isSame":true,"template_cover":["https://pic.36krcnd.com/201808/29230124/zqqopf5953sy1yrx!heading"]},"entity_flag":null,"title_mobile":null,"cover_mobile":null,"column":{"id":"170","name":"8点1氪","introduction":"互联网人的资讯早餐（音频版）","bg_color":"#f04666"},"db_counters":[{"id":"2290295","entity_type":"post","entity_id":"5150884","count_type":"comment","value":"7"},{"id":"2290327","entity_type":"post","entity_id":"5150884","count_type":"favorite","value":"47"},{"id":"2290209","entity_type":"post","entity_id":"5150884","count_type":"like","value":"33"},{"id":"2290170","entity_type":"post","entity_id":"5150884","count_type":"pv","value":"1403"},{"id":"2290172","entity_type":"post","entity_id":"5150884","count_type":"pv_app","value":"10514"},{"id":"2290173","entity_type":"post","entity_id":"5150884","count_type":"pv_mobile","value":"494"}],"user":{"id":"308613651","name":"梁风","avatar_url":"https://pic.36krcnd.com/avatar/201609/14081757/svc5ica3rvexkdf7.jpg!480","introduction":"关注硬件、电影，微信L1652028596，请注明公司、来由","is_push_outside":"1"}},{"id":"5150822","goods_id":"0","column_id":"221","monographic_id":null,"related_company_id":"0","related_company_type":"domestic","related_company_name":"","total_words":"1535","close_comment":"0","title":"营销观察 | 网易漫画开了家饮品店，能battle楼下的奈雪吗","catch_title":"","summary":"网易和已经拥有300多家分店的莓兽，都表示对合开的第一家店的收入不计较。","cover":"https://pic.36krcnd.com/201808/29104519/yri5aaa0y8ix3p89!heading","related_post_ids":"[\"5134577\",\"5143101\",\"5147302\"]","extraction_tags":"[[\"文娱\",1],[\"大公司\",1],[\"餐饮\",1],[\"漫画\",2],[\"网易\",2],[\"二次元\",2]]","user_id":"1049894353","published_at":"2018-08-30 10:23:11","created_at":"2018-08-29 17:44:50","updated_at":"2018-08-30 11:49:51","counters":{"view_count":"35772","pv":"2027","pv_mobile":"1133","pv_app":"4451","favorite":"95","comment":"16","like":"22"},"related_posts":null,"is_free":"0","is_tovc":"0","template_info":{"template_type":"small_image","template_title":"营销观察 | 网易漫画开了家饮品店，能battle楼下的奈雪吗","template_title_isSame":true,"template_cover":["https://pic.36krcnd.com/201808/29100202/keg39fl6iqdoyhhh!heading"]},"entity_flag":null,"title_mobile":null,"cover_mobile":null,"column":{"id":"221","name":"消费","introduction":" ","bg_color":""},"db_counters":[{"id":"2290942","entity_type":"post","entity_id":"5150822","count_type":"comment","value":"16"},{"id":"2290881","entity_type":"post","entity_id":"5150822","count_type":"favorite","value":"95"},{"id":"2290927","entity_type":"post","entity_id":"5150822","count_type":"like","value":"22"},{"id":"2290787","entity_type":"post","entity_id":"5150822","count_type":"pv","value":"2027"},{"id":"2290788","entity_type":"post","entity_id":"5150822","count_type":"pv_app","value":"4451"},{"id":"2290793","entity_type":"post","entity_id":"5150822","count_type":"pv_mobile","value":"1133"}],"user":{"id":"1049894353","name":"汪慧","avatar_url":"https://pic.36krcnd.com/avatar/201808/27092951/wdlk8i3qejyrucu5.jpeg!480","introduction":"","is_push_outside":"1"}},{"id":"5150880","goods_id":"0","column_id":"227","monographic_id":null,"related_company_id":"0","related_company_type":"domestic","related_company_name":"","total_words":"2268","close_comment":"0","title":"36氪独家 | Makeblock获3亿元C轮融资，将推出低门槛STEAM教育产品","catch_title":"","summary":"STEAM教育竞争升级，Makeblock将如何应战？","cover":"https://pic.36krcnd.com/201808/30020420/xdza7wf1fa69a2w2!heading","related_post_ids":"","extraction_tags":"[[\"教育\",1],[\"前沿科技\",1],[\"机器人\",2],[\"朗玛峰创投\",2],[\"光信资本\",2],[\"索尼\",2],[\"小米\",2]]","user_id":"645667140","published_at":"2018-08-30 10:27:05","created_at":"2018-08-30 00:32:10","updated_at":"2018-08-30 12:06:58","counters":{"view_count":"34014","pv":"1036","pv_mobile":"5550","pv_app":"651","favorite":"30","comment":"3","like":"5"},"related_posts":null,"is_free":"0","is_tovc":"0","template_info":{"template_type":"small_image","template_title":"36氪独家 | Makeblock获3亿元C轮融资，将推出低门槛STEAM教育产品","template_title_isSame":true,"template_cover":["https://pic.36krcnd.com/201808/30020402/on4qaz4r4yijhxux!heading"]},"entity_flag":"独家","title_mobile":null,"cover_mobile":null,"column":{"id":"227","name":"教育","introduction":" ","bg_color":""},"db_counters":[{"id":"2290989","entity_type":"post","entity_id":"5150880","count_type":"comment","value":"3"},{"id":"2290815","entity_type":"post","entity_id":"5150880","count_type":"favorite","value":"30"},{"id":"2290987","entity_type":"post","entity_id":"5150880","count_type":"like","value":"5"},{"id":"2290796","entity_type":"post","entity_id":"5150880","count_type":"pv","value":"1036"},{"id":"2290803","entity_type":"post","entity_id":"5150880","count_type":"pv_app","value":"651"},{"id":"2290801","entity_type":"post","entity_id":"5150880","count_type":"pv_mobile","value":"5550"}],"user":{"id":"645667140","name":"陈绍元","avatar_url":"http://thirdwx.qlogo.cn/mmopen/vi_32/FAP2GFnuNHemFVf6zKDRBPHW3r2hx2ZVMjtRFRoAQiceKW7q3qt2AsFKlJq3aamRqrCEdExQ8I6CxlA8ulse6xw/132","introduction":"关注AI、科技、物联网，交流请加微信：qq963757163","is_push_outside":"1"}},{"id":"5150913","goods_id":"0","column_id":"23","monographic_id":null,"related_company_id":"0","related_company_type":"domestic","related_company_name":"","total_words":"8607","close_comment":"0","title":"视频网站13年：土豆、PPTV、酷6网、优酷们的生死书","catch_title":"","summary":"弱肉强食的时代，胜利者才会被铭记，失意者和失败者连退场的帷幕都是黑白","cover":"https://pic.36krcnd.com/201808/30021158/1ch2zo8sasmv21ap!heading","related_post_ids":"[\"5134152\",\"5146204\",\"5146927\"]","extraction_tags":"[[\"大公司\",1],[\"投资\",1],[\"金融\",1],[\"爱奇艺\",2],[\"搜狐\",2],[\"新浪\",2],[\"百度\",2],[\"二次元\",2]]","user_id":"107650","published_at":"2018-08-30 11:08:05","created_at":"2018-08-30 10:10:50","updated_at":"2018-08-30 12:50:13","counters":{"view_count":"32167","pv":"897","pv_mobile":"740","pv_app":"5207","favorite":"296","comment":"20","like":"34"},"related_posts":null,"is_free":"0","is_tovc":"0","template_info":{"template_type":"small_image","template_title":"视频网站13年：土豆、PPTV、酷6网、优酷们的生死书","template_title_isSame":true,"template_cover":["https://pic.36krcnd.com/201808/30021149/7m7jof4woyijaq68!heading"]},"entity_flag":null,"title_mobile":null,"cover_mobile":null,"column":{"id":"23","name":"大公司","introduction":"竞争驱动创新，巨头指引方向","bg_color":"#1da8fe"},"db_counters":[{"id":"2291311","entity_type":"post","entity_id":"5150913","count_type":"comment","value":"20"},{"id":"2290975","entity_type":"post","entity_id":"5150913","count_type":"favorite","value":"296"},{"id":"2291078","entity_type":"post","entity_id":"5150913","count_type":"like","value":"34"},{"id":"2290944","entity_type":"post","entity_id":"5150913","count_type":"pv","value":"897"},{"id":"2290946","entity_type":"post","entity_id":"5150913","count_type":"pv_app","value":"5207"},{"id":"2290947","entity_type":"post","entity_id":"5150913","count_type":"pv_mobile","value":"740"}],"user":{"id":"107650","name":"鹿鸣财经","avatar_url":"https://pic.36krcnd.com/avatar/201711/07073022/2hkd16gbniw738mm.jpeg!480","introduction":"财经科技新媒体","is_push_outside":"0"}},{"id":"5150882","goods_id":"0","column_id":"23","monographic_id":"2453","related_company_id":"0","related_company_type":"domestic","related_company_name":"","total_words":"2281","close_comment":"0","title":"焦点分析 | 三六零日赚849万背后：网络安全巨头光环下的隐忧","catch_title":"","summary":"涨停的三六零能给周鸿祎安全感吗？","cover":"https://pic.36krcnd.com/201808/29174335/rgwh4afocme4s0a7!heading","related_post_ids":"[\"5143931\",\"5147850\",\"5150036\"]","extraction_tags":"[[\"智能硬件\",1],[\"游戏\",1],[\"大公司\",1],[\"腾讯\",2],[\"富士康\",2],[\"智慧城市\",2],[\"谷歌\",2],[\"百度\",2]]","user_id":"167521","published_at":"2018-08-30 07:14:54","created_at":"2018-08-30 01:36:57","updated_at":"2018-08-30 16:54:39","counters":{"view_count":"27787","pv":"1890","pv_mobile":"209","pv_app":"3813","favorite":"41","comment":"3","like":"12"},"related_posts":null,"is_free":"0","is_tovc":"0","template_info":{"template_type":"small_image","template_title":"焦点分析 | 三六零日赚849万背后：网络安全巨头光环下的隐忧","template_title_isSame":true,"template_cover":["https://pic.36krcnd.com/201808/29174326/8p620i7t68swyc8i!heading"]},"entity_flag":null,"title_mobile":null,"cover_mobile":null,"column":{"id":"23","name":"大公司","introduction":"竞争驱动创新，巨头指引方向","bg_color":"#1da8fe"},"db_counters":[{"id":"2290621","entity_type":"post","entity_id":"5150882","count_type":"comment","value":"3"},{"id":"2290123","entity_type":"post","entity_id":"5150882","count_type":"favorite","value":"41"},{"id":"2290136","entity_type":"post","entity_id":"5150882","count_type":"like","value":"12"},{"id":"2290105","entity_type":"post","entity_id":"5150882","count_type":"pv","value":"1890"},{"id":"2290106","entity_type":"post","entity_id":"5150882","count_type":"pv_app","value":"3813"},{"id":"2290110","entity_type":"post","entity_id":"5150882","count_type":"pv_mobile","value":"209"}],"user":{"id":"167521","name":"欧阳伟康","avatar_url":"https://pic.36krcnd.com/avatar/201706/22114434/fgudgkitazowq2xh.jpg!480","introduction":"新手上路，请多指教，微信oywk31，欢迎交流","is_push_outside":"1"}},{"id":"5150926","goods_id":"0","column_id":"226","monographic_id":null,"related_company_id":"0","related_company_type":"domestic","related_company_name":"","total_words":"4331","close_comment":"0","title":"鼎家爆仓十日记","catch_title":"","summary":"长租公寓行业市场还未厮杀成红海，寒冬就已来临？","cover":"https://pic.36krcnd.com/201808/30024948/6mvxcxmq7ep3vvbd!heading","related_post_ids":"[\"5150035\",\"5150555\",\"5150595\"]","extraction_tags":"[[\"长租公寓\",1],[\"金融\",1],[\"大公司\",1],[\"支付\",2],[\"微信\",2],[\"我爱我家\",2],[\"链家\",2],[\"支付宝\",2]]","user_id":"1021979185","published_at":"2018-08-30 12:10:53","created_at":"2018-08-30 10:48:26","updated_at":"2018-08-30 14:14:22","counters":{"view_count":"25409","pv":"840","pv_mobile":"536","pv_app":"4030","favorite":"58","comment":"1","like":"8"},"related_posts":null,"is_free":"0","is_tovc":"0","template_info":{"template_type":"small_image","template_title":"鼎家爆仓十日记","template_title_isSame":true,"template_cover":["https://pic.36krcnd.com/201808/30024939/8hq74gd648habm3r!heading"]},"entity_flag":null,"title_mobile":null,"cover_mobile":null,"column":{"id":"226","name":"金融","introduction":" ","bg_color":""},"db_counters":[{"id":"2291360","entity_type":"post","entity_id":"5150926","count_type":"comment","value":"1"},{"id":"2291177","entity_type":"post","entity_id":"5150926","count_type":"favorite","value":"58"},{"id":"2291553","entity_type":"post","entity_id":"5150926","count_type":"like","value":"8"},{"id":"2291166","entity_type":"post","entity_id":"5150926","count_type":"pv","value":"840"},{"id":"2291168","entity_type":"post","entity_id":"5150926","count_type":"pv_app","value":"4030"},{"id":"2291167","entity_type":"post","entity_id":"5150926","count_type":"pv_mobile","value":"536"}],"user":{"id":"1021979185","name":"锌财经","avatar_url":"https://pic.36krcnd.com/avatar/201708/08181643/emdt9r5cgadioc8r.jpeg!480","introduction":"关注80后企业家，聚焦商业新世界","is_push_outside":"0"}},{"id":"5150890","goods_id":"0","column_id":"229","monographic_id":null,"related_company_id":"0","related_company_type":"domestic","related_company_name":"","total_words":"2047","close_comment":"0","title":"揭秘山寨电视机江湖：三五个人加一把螺丝刀，老板开上了开奔驰宝马","catch_title":"","summary":"对于山寨电视机，国家已开始重拳打击。","cover":"https://pic.36krcnd.com/201808/30000517/soy7bcqyi2c35pgd!heading","related_post_ids":"[\"5145200\",\"5145891\",\"5146054\"]","extraction_tags":"[[\"大公司\",1],[\"家居家装\",1],[\"城市\",1],[\"宝马\",2],[\"松下\",2],[\"三星\",2],[\"微信\",2],[\"奔驰\",2]]","user_id":"375349","published_at":"2018-08-30 08:08:03","created_at":"2018-08-30 08:00:44","updated_at":"2018-08-30 08:14:37","counters":{"view_count":"22452","pv":"2084","pv_mobile":"618","pv_app":"2075","favorite":"7","comment":"8","like":"6"},"related_posts":null,"is_free":"0","is_tovc":"0","template_info":{"template_type":"small_image","template_title":"揭秘山寨电视机江湖：三五个人加一把螺丝刀，老板开上了开奔驰宝马","template_title_isSame":true,"template_cover":["https://pic.36krcnd.com/201808/30000507/3jkomuseznked2ja!heading"]},"entity_flag":null,"title_mobile":null,"cover_mobile":null,"column":{"id":"229","name":"手机与硬件","introduction":" ","bg_color":""},"db_counters":[{"id":"2290342","entity_type":"post","entity_id":"5150890","count_type":"comment","value":"8"},{"id":"2290292","entity_type":"post","entity_id":"5150890","count_type":"favorite","value":"7"},{"id":"2290340","entity_type":"post","entity_id":"5150890","count_type":"like","value":"6"},{"id":"2290254","entity_type":"post","entity_id":"5150890","count_type":"pv","value":"2084"},{"id":"2290257","entity_type":"post","entity_id":"5150890","count_type":"pv_app","value":"2075"},{"id":"2290259","entity_type":"post","entity_id":"5150890","count_type":"pv_mobile","value":"618"}],"user":{"id":"375349","name":"36氪的朋友们","avatar_url":"http://krplus-pic.b0.upaiyun.com/201603/22055321/cg0huhoojxi0iipw.jpg!480","introduction":"群众的智慧是无穷的~欢迎一线的创业者和投资者分享你们的观察和看法 tips@36kr.com","is_push_outside":"0"}},{"id":"5150618","goods_id":"0","column_id":"109","monographic_id":null,"related_company_id":"0","related_company_type":"domestic","related_company_name":"","total_words":"3819","close_comment":"0","title":"没有房子的年轻人，你的焦虑至少价值百万","catch_title":"","summary":"当一个人真正工作后，发现现实和预期不符很正常，问题在于能否接受结果并及时修正假设，这才是心理困扰的根源。","cover":"https://pic.36krcnd.com/201808/28102247/8ma7oyvo70pwsk6g!heading","related_post_ids":"[\"5145645\",\"5146337\",\"5146519\"]","extraction_tags":"[[\"媒体\",1],[\"金融\",1],[\"职场\",1],[\"自媒体\",2],[\"理财\",2],[\"股票\",2],[\"网红\",2],[\"房价\",2]]","user_id":"1757905443","published_at":"2018-08-29 21:26:04","created_at":"2018-08-28 18:09:52","updated_at":"2018-08-30 13:24:58","counters":{"view_count":"21672","pv":"1675","pv_mobile":"416","pv_app":"2520","favorite":"104","comment":"7","like":"11"},"related_posts":null,"is_free":"0","is_tovc":"0","template_info":{"template_type":"small_image","template_title":"没有房子的年轻人，你的焦虑至少价值百万","template_title_isSame":true,"template_cover":["https://pic.36krcnd.com/201808/28102241/x04q6clqtv8m7ten!heading"]},"entity_flag":null,"title_mobile":null,"cover_mobile":null,"column":{"id":"109","name":"职场漫谈","introduction":"除了工作，还有诗和远方","bg_color":"#f04666"},"db_counters":[{"id":"2288783","entity_type":"post","entity_id":"5150618","count_type":"comment","value":"7"},{"id":"2288726","entity_type":"post","entity_id":"5150618","count_type":"favorite","value":"104"},{"id":"2288817","entity_type":"post","entity_id":"5150618","count_type":"like","value":"11"},{"id":"2288713","entity_type":"post","entity_id":"5150618","count_type":"pv","value":"1675"},{"id":"2288711","entity_type":"post","entity_id":"5150618","count_type":"pv_app","value":"2520"},{"id":"2288714","entity_type":"post","entity_id":"5150618","count_type":"pv_mobile","value":"416"}],"user":{"id":"1757905443","name":"璃语职美人","avatar_url":"https://pic.36krcnd.com/avatar/201711/28094413/usyv47yhzpkod4qn.jpg!480","introduction":"资深职业生涯规划师、职场作家，公众号“璃语职美人”主理人","is_push_outside":"0"}},{"id":"5150932","goods_id":"0","column_id":"221","monographic_id":null,"related_company_id":"0","related_company_type":"domestic","related_company_name":"","total_words":"2683","close_comment":"0","title":"康师傅方便面半年卖出110亿，关灯吃面的人越来越多","catch_title":"","summary":"泡面、榨菜配火腿，喝口小酒越有味。如此看来，方便面生意回暖，并非孤立。","cover":"https://pic.36krcnd.com/201808/30031737/45ogk3fitltjfkab!heading","related_post_ids":"[\"5136505\",\"5145880\",\"5146262\"]","extraction_tags":"[[\"大公司\",1],[\"体育\",1],[\"金融\",1],[\"美团点评\",2],[\"星巴克\",2],[\"财报\",2],[\"转型\",2],[\"安全\",2]]","user_id":"375349","published_at":"2018-08-30 11:26:44","created_at":"2018-08-30 11:05:54","updated_at":"2018-08-30 11:26:47","counters":{"view_count":"21550","pv":"2006","pv_mobile":"330","pv_app":"2249","favorite":"25","comment":"7","like":"6"},"related_posts":null,"is_free":"0","is_tovc":"0","template_info":{"template_type":"small_image","template_title":"康师傅方便面半年卖出110亿，关灯吃面的人越来越多","template_title_isSame":true,"template_cover":["https://pic.36krcnd.com/201808/30031807/8do1zig7cmz1qdd8!heading"]},"entity_flag":null,"title_mobile":null,"cover_mobile":null,"column":{"id":"221","name":"消费","introduction":" ","bg_color":""},"db_counters":[{"id":"2291019","entity_type":"post","entity_id":"5150932","count_type":"comment","value":"7"},{"id":"2291002","entity_type":"post","entity_id":"5150932","count_type":"favorite","value":"25"},{"id":"2291001","entity_type":"post","entity_id":"5150932","count_type":"like","value":"6"},{"id":"2290995","entity_type":"post","entity_id":"5150932","count_type":"pv","value":"2006"},{"id":"2290996","entity_type":"post","entity_id":"5150932","count_type":"pv_app","value":"2249"},{"id":"2290999","entity_type":"post","entity_id":"5150932","count_type":"pv_mobile","value":"330"}],"user":{"id":"375349","name":"36氪的朋友们","avatar_url":"http://krplus-pic.b0.upaiyun.com/201603/22055321/cg0huhoojxi0iipw.jpg!480","introduction":"群众的智慧是无穷的~欢迎一线的创业者和投资者分享你们的观察和看法 tips@36kr.com","is_push_outside":"0"}}],"highProjects|focus":[{"id":"6340","project_id":"1","feed_id":"0","type":"head_line","state":"published","column_id":"0","order":"6349","hidden_title":"0","title":"滴滴出事儿，死的有可能是嘀嗒","url":"https://36kr.com/p/5150982.html","cover":"https://pic.36krcnd.com/201808/30071832/j4nqyh8db46xp2l7!heading","bg_color":null,"tag":null,"user_id":"1137199863","user_id_edited":"755928045","published_at":"2018-08-29 12:45:25","finished_at":null,"created_at":"2018-08-29 12:45:25","updated_at":"2018-08-30 15:18:44","entity_type":"post","entity_id":"5150982","source_name":null,"operate_comment":"","user_id_old":null,"user_id_edited_old":null,"column":null},{"id":"6323","project_id":"1","feed_id":"0","type":"head_line","state":"published","column_id":"0","order":"6342","hidden_title":"0","title":"视频网站13年：土豆、PPTV、酷6网、优酷们的生死书","url":"https://36kr.com/p/5150913.html","cover":"https://pic.36krcnd.com/201808/30092641/4zg20m5pq52p4xkl!heading","bg_color":null,"tag":null,"user_id":"1137199863","user_id_edited":"755928045","published_at":"2018-08-29 08:15:47","finished_at":null,"created_at":"2018-08-29 08:15:47","updated_at":"2018-08-30 17:26:44","entity_type":"post","entity_id":"5150913","source_name":null,"operate_comment":"","user_id_old":null,"user_id_edited_old":null,"column":null},{"id":"6338","project_id":"1","feed_id":"0","type":"head_line","state":"published","column_id":"0","order":"6340","hidden_title":"0","title":"营销观察 | 网易漫画开了家饮品店，能battle楼下的奈雪吗","url":"https://36kr.com/p/5150822.html","cover":"https://pic.36krcnd.com/201808/30023159/g917he8qeyrlhikj!heading","bg_color":null,"tag":null,"user_id":"1137199863","user_id_edited":"1770672271","published_at":"2018-08-29 11:29:31","finished_at":null,"created_at":"2018-08-29 11:29:31","updated_at":"2018-08-30 15:18:42","entity_type":"post","entity_id":"5150822","source_name":null,"operate_comment":"","user_id_old":null,"user_id_edited_old":null,"column":null},{"id":"6328","project_id":"1","feed_id":"0","type":"head_line","state":"published","column_id":"0","order":"6324","hidden_title":"1","title":"","url":"https://36kr.com/goods/12143?ktm_source=kk_0824web kaike","cover":"https://pic.36krcnd.com/201808/30053323/tpz06e16rjtbcrvs!heading","bg_color":null,"tag":null,"user_id":"1137199863","user_id_edited":"449408","published_at":"2018-08-29 08:32:57","finished_at":"2018-09-01 23:59:56","created_at":"2018-08-29 08:32:57","updated_at":"2018-08-30 13:34:16","entity_type":"external_url","entity_id":null,"source_name":null,"operate_comment":"市场开氪需求，保留至9.1","user_id_old":null,"user_id_edited_old":null,"column":null},{"id":"6342","project_id":"1","feed_id":"0","type":"head_line","state":"published","column_id":"0","order":"6323","hidden_title":"0","title":"36氪研究 | 智慧零售行业研究报告","url":"https://36kr.com/p/5150832.html","cover":"https://pic.36krcnd.com/201808/30014618/5z5dc7sdn1x6dc99!heading","bg_color":null,"tag":null,"user_id":"755928045","user_id_edited":"449408","published_at":"2018-08-29 14:09:55","finished_at":null,"created_at":"2018-08-29 14:09:55","updated_at":"2018-08-30 13:34:16","entity_type":"post","entity_id":"5150832","source_name":null,"operate_comment":"研究院需求，保留至9.1","user_id_old":null,"user_id_edited_old":null,"column":null},{"id":"6263","project_id":"1","feed_id":"0","type":"head_line","state":"published","column_id":"0","order":"6300","hidden_title":"1","title":"","url":"http://www.huodongxing.com/event/3452224147800?qd=webbanner","cover":"https://pic.36krcnd.com/201808/28013213/shstfc7r9k1v34aj!heading","bg_color":null,"tag":null,"user_id":"1137199863","user_id_edited":"449408","published_at":"2018-08-26 13:01:21","finished_at":null,"created_at":"2018-08-26 13:01:21","updated_at":"2018-08-30 08:03:37","entity_type":"external_url","entity_id":null,"source_name":null,"operate_comment":"保留至30日","user_id_old":null,"user_id_edited_old":null,"column":null},{"id":"6324","project_id":"1","feed_id":"0","type":"head_line","state":"published","column_id":"0","order":"6266","hidden_title":"0","title":"宜人贷Q2营收、净利增速放缓，76%获客依靠线上","url":"https://36kr.com/p/5150656.html","cover":"https://pic.36krcnd.com/201808/29001736/62ffr5e3j170ell5!heading","bg_color":null,"tag":null,"user_id":"1137199863","user_id_edited":"1137199863","published_at":"2018-08-29 08:17:38","finished_at":null,"created_at":"2018-08-29 08:17:38","updated_at":"2018-08-29 21:45:29","entity_type":"post","entity_id":"5150656","source_name":null,"operate_comment":"","user_id_old":null,"user_id_edited_old":null,"column":null},{"id":"6231","project_id":"1","feed_id":"0","type":"head_line","state":"published","column_id":"0","order":"6250","hidden_title":"0","title":"2018困局：狂奔四年，中国创投大跃进的中场休息｜36氪独家","url":"https://36kr.com/p/5150552.html","cover":"https://pic.36krcnd.com/201808/28082858/phvgo9ma4nmqqnf4!heading","bg_color":null,"tag":null,"user_id":"1137199863","user_id_edited":"449408","published_at":"2018-08-24 08:00:19","finished_at":null,"created_at":"2018-08-24 08:00:19","updated_at":"2018-08-29 21:45:27","entity_type":"post","entity_id":"5150552","source_name":null,"operate_comment":"","user_id_old":null,"user_id_edited_old":null,"column":null},{"id":"6240","project_id":"1","feed_id":"0","type":"head_line","state":"published","column_id":"0","order":"6243","hidden_title":"0","title":"字节跳动的长内容猜想","url":"https://36kr.com/p/5150272.html","cover":"https://pic.36krcnd.com/201808/28025427/5baoqccvxoiwipw0!heading","bg_color":null,"tag":null,"user_id":"755928045","user_id_edited":"449408","published_at":"2018-08-24 12:07:58","finished_at":null,"created_at":"2018-08-24 12:07:58","updated_at":"2018-08-29 21:45:25","entity_type":"post","entity_id":"5150272","source_name":null,"operate_comment":"","user_id_old":null,"user_id_edited_old":null,"column":null},{"id":"6300","project_id":"1","feed_id":"0","type":"head_line","state":"published","column_id":"0","order":"6232","hidden_title":"0","title":"36氪独家 | 小鹏汽车现在只能量产95台，年底能按期交付吗？","url":"https://36kr.com/p/5149872.html","cover":"https://pic.36krcnd.com/201808/28002935/h02cn2sv3ct2z7fs!heading","bg_color":null,"tag":null,"user_id":"1770672271","user_id_edited":"449408","published_at":"2018-08-27 19:42:26","finished_at":null,"created_at":"2018-08-27 19:42:26","updated_at":"2018-08-29 21:45:23","entity_type":"post","entity_id":"5149872","source_name":null,"operate_comment":"","user_id_old":null,"user_id_edited_old":null,"column":null}],"editorChoice|focus":[{"id":"6356","project_id":"1","feed_id":"0","type":"home_page","state":"published","column_id":"0","order":"6356","hidden_title":"0","title":"Makeblock获3亿元C轮融资，将推低门槛STEAM教育产品","url":"https://36kr.com/p/5150880.html","cover":"https://pic.36krcnd.com/201808/30062831/7z5dncv4tccn758r!heading","bg_color":null,"tag":null,"user_id":"449408","user_id_edited":"755928045","published_at":"2018-08-30 07:59:23","finished_at":null,"created_at":"2018-08-30 07:59:23","updated_at":"2018-08-30 14:28:33","entity_type":"post","entity_id":"5150880","source_name":null,"operate_comment":"","user_id_old":null,"user_id_edited_old":null,"column":null},{"id":"6197","project_id":"1","feed_id":"0","type":"home_page","state":"published","column_id":"0","order":"6305","hidden_title":"0","title":"「毫米科技」获近亿元A+轮融资，要将智能算法落地厨房场景","url":"https://36kr.com/p/5149513.html","cover":"https://pic.36krcnd.com/201808/30001533/gzayf3u31f73a9u8!heading","bg_color":null,"tag":null,"user_id":"1137199863","user_id_edited":"449408","published_at":"2018-08-22 14:37:03","finished_at":null,"created_at":"2018-08-22 14:37:03","updated_at":"2018-08-30 08:15:36","entity_type":"post","entity_id":"5149513","source_name":null,"operate_comment":"","user_id_old":null,"user_id_edited_old":null,"column":null},{"id":"4631","project_id":"1","feed_id":"0","type":"home_page","state":"published","column_id":"0","order":"6197","hidden_title":"0","title":"用内容+社交切入知识付费「小红圈」获 800 万元 Pre-A 轮融资","url":"https://36kr.com/p/5148621.html","cover":"https://pic.36krcnd.com/201808/29011617/h3ttpz5ibun69726!heading","bg_color":null,"tag":null,"user_id":"1137199863","user_id_edited":"1137199863","published_at":"2018-06-22 10:04:29","finished_at":null,"created_at":"2018-06-22 10:04:29","updated_at":"2018-08-29 11:44:42","entity_type":"post","entity_id":"5148621","source_name":null,"operate_comment":"","user_id_old":null,"user_id_edited_old":null,"column":null},{"id":"4627","project_id":"1","feed_id":"0","type":"home_page","state":"published","column_id":"0","order":"5159","hidden_title":"1","title":"","url":"http://www.huodongxing.com/event/3452224147800?qd=webbanner","cover":"https://pic.36krcnd.com/201808/27012959/deo1cr5b2bvuemj0!heading","bg_color":null,"tag":null,"user_id":"1137199863","user_id_edited":"449408","published_at":"2018-08-01 07:58:47","finished_at":"2018-09-04 12:30:06","created_at":"2018-06-22 08:30:12","updated_at":"2018-08-27 09:30:37","entity_type":"external_url","entity_id":null,"source_name":null,"operate_comment":"保留至9.4","user_id_old":null,"user_id_edited_old":null,"column":null}],"feedHeaders|column":[{"id":"23","project_id":"1","name":"大公司","type":"normal","slug":"company","introduction":"竞争驱动创新，巨头指引方向","bg_color":"#1da8fe","order_num":"0","cover":"https://pic.36krcnd.com/avatar/201708/24082527/wo34hy7p6lvhch11.jpg!480","hide_cover":"0","posts_count":"0","user_id_old":null,"user_id":"724132036","user_id_edited_old":null,"user_id_edited":null,"created_at":"2015-05-21 23:48:44","updated_at":"2017-08-24 16:25:29"},{"id":"221","project_id":"1","name":"消费","type":"normal","slug":"xiaofei","introduction":" ","bg_color":"","order_num":"0","cover":"https://pic.36krcnd.com/201803/06060041/m21rmdffxvd83i4b!480","hide_cover":"0","posts_count":"0","user_id_old":null,"user_id":"1200352198","user_id_edited_old":null,"user_id_edited":null,"created_at":"2018-02-05 15:36:59","updated_at":"2018-03-06 14:00:57"},{"id":"225","project_id":"1","name":"娱乐","type":"normal","slug":"yule","introduction":" ","bg_color":"","order_num":"0","cover":"https://pic.36krcnd.com/201803/06061424/hsouscqm92q8tpts!480","hide_cover":"0","posts_count":"0","user_id_old":null,"user_id":"1200352198","user_id_edited_old":null,"user_id_edited":null,"created_at":"2018-02-05 15:39:50","updated_at":"2018-03-06 14:14:29"},{"id":"218","project_id":"1","name":"前沿技术","type":"normal","slug":"qianyanjishu","introduction":" ","bg_color":"","order_num":"0","cover":"https://pic.36krcnd.com/201803/06055557/u41c0nni9wpobvn1!480","hide_cover":"0","posts_count":"0","user_id_old":null,"user_id":"1200352198","user_id_edited_old":null,"user_id_edited":null,"created_at":"2018-02-05 15:33:31","updated_at":"2018-03-06 13:56:05"},{"id":"219","project_id":"1","name":"汽车交通","type":"normal","slug":"qiche","introduction":" ","bg_color":"","order_num":"0","cover":"https://pic.36krcnd.com/201803/06055354/yzb9cfvczpa62odp!480","hide_cover":"0","posts_count":"0","user_id_old":null,"user_id":"1200352198","user_id_edited_old":null,"user_id_edited":null,"created_at":"2018-02-05 15:35:39","updated_at":"2018-03-06 13:54:02"},{"id":"208","project_id":"1","name":"区块链","type":"normal","slug":"qukuailian","introduction":"不懂区块链，你将错过下一个科技世代","bg_color":"","order_num":"0","cover":"https://pic.36krcnd.com/201801/09103250/0jyp9dxyknyonh37!480","hide_cover":"0","posts_count":"0","user_id_old":null,"user_id":"2043739950","user_id_edited_old":null,"user_id_edited":null,"created_at":"2018-01-09 18:33:25","updated_at":"2018-01-09 18:33:25"},{"id":"103","project_id":"1","name":"技能Get","type":"normal","slug":"36krfriends","introduction":"互联网充电站","bg_color":"#f04666","order_num":"0","cover":"https://pic.36krcnd.com/avatar/201707/27075836/yqar5rpb0hko7vx6.jpg!480","hide_cover":"0","posts_count":"0","user_id_old":null,"user_id":"3409","user_id_edited_old":null,"user_id_edited":null,"created_at":"2016-09-05 17:25:28","updated_at":"2017-07-27 15:58:39"}],"feedPostsLatest|post":[{"id":"5151027","summary":"软银决定不投资蔚来，是不看好IPO吗？","project_id":"1","tag_id":"0","views_count":"0","mobile_views_count":"0","app_views_count":"0","monographic_id":"0","domain_id":"0","goods_id":"0","is_tovc":"0","is_free":"0","column_name":"氪星晚报","title":"氪星晚报 | 软银放弃投资蔚来IPO；子弹短信不切入陌生人社交领域​；苹果收购AR眼镜技术公司","cover":"https://pic.36krcnd.com/201808/30101340/ssu2vob1l7b270og!heading","template_info":{"template_type":"small_image","template_title":"氪星晚报 | 软银放弃投资蔚来IPO；子弹短信不切入陌生人社交领域​；苹果收购AR眼镜技术公司","template_title_isSame":true,"template_cover":["https://pic.36krcnd.com/201808/30101354/6dcyvyusbw4dqrth!heading"]},"published_at":"2018-08-30T18:36:26+08:00","column_id":"237","user_id":"17974051","extraction_tags":"[[\"投资\",\"touzi\",1],[\"大公司\",\"dagongsi\",1],[\"文娱\",\"wenyu\",1],[\"小米\",\"xiaomi\",2],[\"直播\",\"zhibo\",2],[\"软银\",\"ruanyin\",2],[\"vivo\",\"vivo\",2],[\"谷歌\",\"guge\",2]]","user_info":"{\"id\":17974051,\"avatar_url\":\"https:\\/\\/pic.36krcnd.com\\/avatar\\/201808\\/10183025\\/bhebzcs5tsz85kgx.jpeg!480\",\"name\":\"\\u738b\\u827a\\u747e\",\"nickname\":\"\\u738b\\u827a\\u747e\",\"title\":\"\\u65b0\\u9510\\u4f5c\\u8005\",\"department_belong\":\"\\u8981\\u95fb\\u90e8\",\"introduction\":\"\\u5173\\u6ce8\\u79d1\\u6280\\u548c\\u65b0\\u5546\\u4e1a\\u3002\\u90ae\\u7bb1wangyijin@36kr.com\",\"is_author\":\"1\"}","highlight":null,"_type":"post","_score":null,"favourite_num":"0"},{"id":"5151018","summary":"审计并不是验证代码安全的法律文件，仅仅表示你的代码已被专家校订过。","project_id":"1","tag_id":"0","views_count":"0","mobile_views_count":"0","app_views_count":"0","monographic_id":"0","domain_id":"0","goods_id":"0","is_tovc":"0","is_free":"0","column_name":"区块链","title":"25％智能合约存在bug，智能合约审计将成安全细分领域","cover":"https://pic.36krcnd.com/201808/30083552/3o6nvc3ytmthpkkd!heading","template_info":{"template_type":"small_image","template_title":"25％智能合约存在bug，智能合约审计将成安全细分领域","template_title_isSame":true,"template_cover":["https://pic.36krcnd.com/201808/30083512/x94kwwxckmhpdgnr!heading"]},"published_at":"2018-08-30T18:26:04+08:00","column_id":"208","user_id":"798492498","extraction_tags":"[[\"金融\",\"jinrong\",1],[\"区块链\",\"qukuailian\",2]]","user_info":"{\"id\":798492498,\"avatar_url\":\"https:\\/\\/pic.36krcnd.com\\/avatar\\/201805\\/09044800\\/0cyyoyrfmv3pulw9.jpeg!480\",\"name\":\"Odaily\\u661f\\u7403\\u65e5\\u62a5\",\"nickname\":\"Odaily\\u661f\\u7403\\u65e5\\u62a5\",\"title\":\"\\u7279\\u9080\\u4f5c\\u8005\",\"department_belong\":\"\\u533a\\u5757\\u94fe\\u5185\\u53c2\",\"introduction\":\"36\\u6c2a\\u6218\\u7565\\u5408\\u4f5c\\u533a\\u5757\\u94fe\\u5a92\\u4f53\\uff0c\\u516c\\u4f17\\u53f7Odaily\",\"is_author\":\"1\"}","highlight":null,"_type":"post","_score":null,"favourite_num":"0"},{"id":"5151006","summary":"DFINITY试图解决的是区块链行业里的一个共性问题——扩容（或可扩展性）。","project_id":"1","tag_id":"0","views_count":"0","mobile_views_count":"0","app_views_count":"0","monographic_id":"0","domain_id":"0","goods_id":"0","is_tovc":"0","is_free":"0","column_name":"区块链","title":"去中心化云技术初创公司Dfinity完成1.02亿美元融资，a16z Crypto参投","cover":"https://pic.36krcnd.com/201808/30074057/oauhlhav8uuy7xsh!heading","template_info":{"template_type":"small_image","template_title":"去中心化云技术初创公司Dfinity完成1.02亿美元融资，a16z Crypto参投","template_title_isSame":true,"template_cover":["https://pic.36krcnd.com/201808/30074100/s6ptrmklaqi6n9en!heading"]},"published_at":"2018-08-30T18:15:56+08:00","column_id":"208","user_id":"798492498","extraction_tags":"[[\"企业服务\",\"qiyefuwu\",1],[\"金融\",\"jinrong\",1],[\"投资\",\"touzi\",1],[\"区块链\",\"qukuailian\",2],[\"比特币\",\"bitebi\",2],[\"社区\",\"shequ\",2],[\"硅谷\",\"guigu\",2],[\"合伙人\",\"hehuoren\",2]]","user_info":"{\"id\":798492498,\"avatar_url\":\"https:\\/\\/pic.36krcnd.com\\/avatar\\/201805\\/09044800\\/0cyyoyrfmv3pulw9.jpeg!480\",\"name\":\"Odaily\\u661f\\u7403\\u65e5\\u62a5\",\"nickname\":\"Odaily\\u661f\\u7403\\u65e5\\u62a5\",\"title\":\"\\u7279\\u9080\\u4f5c\\u8005\",\"department_belong\":\"\\u533a\\u5757\\u94fe\\u5185\\u53c2\",\"introduction\":\"36\\u6c2a\\u6218\\u7565\\u5408\\u4f5c\\u533a\\u5757\\u94fe\\u5a92\\u4f53\\uff0c\\u516c\\u4f17\\u53f7Odaily\",\"is_author\":\"1\"}","highlight":null,"_type":"post","_score":null,"favourite_num":"0"},{"id":"2446","state":"published","title":"同程艺龙接力IPO，微信小程序红利还将让谁“重生”？","summary":"8月27日有消息称，同程艺龙预计在10月初赴港上市。同程网络与艺龙旅行网自合并以来，背靠微信小程序的巨大流量，短短三个月便向港股发起了冲刺，其实此前像拼多多、云集微店、趣头条等早期，就是靠微信生态起来的。在人人都想利用小程序红利的时代，越来越多的商家涌入，还会带火哪些行业？","cover":"https://pic.36krcnd.com/201808/27102948/mcsmebdcd152swqg!heading","cover_web":"https://pic.36krcnd.com/201808/27102959/jdh46czdg5uolbpg!heading","user_id":"576620215","published_at":"2018-08-27 18:34:18","finished_at":null,"created_at":"2018-08-27 18:31:43","updated_at":"2018-08-28 16:13:13","template_info":{"template_type":"small_image","template_title":"同程艺龙接力IPO，微信小程序红利还将让谁“重生”？","template_title_isSame":true,"template_cover":["https://pic.36krcnd.com/201808/27102939/htnzgisqq63amn2x!heading"],"template_extra":{"entity_list":[]}},"type":"info_flow","weight":"1","feed_type":"monographic"},{"id":"5151037","summary":"据彭博去年的报道，苹果正在开发可以于2020年推出的AR 眼镜。","project_id":"1","tag_id":"0","views_count":"0","mobile_views_count":"0","app_views_count":"0","monographic_id":"0","domain_id":"0","goods_id":"0","is_tovc":"0","is_free":"0","column_name":"前沿技术","title":"AR眼镜将近？苹果收购AR镜片初创公司","cover":"https://pic.36krcnd.com/201808/30100547/zsbvcf6ea5qbfg04!heading","template_info":{"template_type":"small_image","template_title":"AR眼镜将近？苹果收购AR镜片初创公司","template_title_isSame":true,"template_cover":["https://pic.36krcnd.com/201808/30100536/6r18zsqezk1avm1w!heading"]},"published_at":"2018-08-30T18:10:33+08:00","column_id":"218","user_id":"375349","extraction_tags":"[[\"大公司\",\"dagongsi\",1],[\"智能硬件\",\"zhinengyingjian\",1],[\"体育\",\"tiyu\",1],[\"苹果\",\"pingguo\",2],[\"可穿戴设备\",\"kechuandaishebei\",2],[\"户外\",\"huwai\",2],[\"收购\",\"shougou\",2]]","user_info":"{\"id\":375349,\"avatar_url\":\"http:\\/\\/krplus-pic.b0.upaiyun.com\\/201603\\/22055321\\/cg0huhoojxi0iipw.jpg!480\",\"name\":\"36\\u6c2a\\u7684\\u670b\\u53cb\\u4eec\",\"nickname\":\"36\\u6c2a\\u7684\\u670b\\u53cb\\u4eec\",\"title\":\"\\u8d44\\u6df1\\u4f5c\\u8005\",\"department_belong\":\"\\u8981\\u95fb-UGC\\u90e8\",\"introduction\":\"\\u7fa4\\u4f17\\u7684\\u667a\\u6167\\u662f\\u65e0\\u7a77\\u7684~\\u6b22\\u8fce\\u4e00\\u7ebf\\u7684\\u521b\\u4e1a\\u8005\\u548c\\u6295\\u8d44\\u8005\\u5206\\u4eab\\u4f60\\u4eec\\u7684\\u89c2\\u5bdf\\u548c\\u770b\\u6cd5 tips@36kr.com\",\"is_author\":\"1\"}","highlight":null,"_type":"post","_score":null,"favourite_num":"1"},{"id":"5151036","summary":"董小姐心灵鸡汤时间","project_id":"1","tag_id":"0","views_count":"0","mobile_views_count":"0","app_views_count":"0","monographic_id":"0","domain_id":"0","goods_id":"0","is_tovc":"0","is_free":"0","column_name":"人物","title":"大佬言论 | 董明珠：一个人没有梦想，你还有什么动力？","cover":"https://pic.36krcnd.com/201808/30095643/mf3v3txf18dlt48u!heading","template_info":{"template_type":"big_image","template_title":"大佬言论 | 董明珠：一个人没有梦想，你还有什么动力？","template_title_isSame":true,"template_cover":["https://pic.36krcnd.com/201808/30095629/ooyd7f43uy73yj86!heading"]},"published_at":"2018-08-30T18:00:25+08:00","column_id":"106","user_id":"472137299","extraction_tags":"","user_info":"{\"id\":472137299,\"avatar_url\":\"https:\\/\\/pic.36krcnd.com\\/avatar\\/201803\\/07075656\\/0fy0steyjwx9y463.jpeg!480\",\"name\":\"\\u8e29\\u8611\\u83c7\\u7684\\u5c0f\\u7405\\u5b50\",\"nickname\":\"\\u8e29\\u8611\\u83c7\\u7684\\u5c0f\\u7405\\u5b50\",\"title\":\"\\u65b0\\u9510\\u4f5c\\u8005\",\"department_belong\":\"\\u8981\\u95fb\\u90e8\",\"introduction\":\"\",\"is_author\":\"1\"}","highlight":null,"_type":"post","_score":null,"favourite_num":"1"},{"id":"5151034","summary":"高调营销后，子弹短信迅速蹿红，不到10天收割400万用户。但唱衰它、吐槽其产品的声音也水涨船高。","project_id":"1","tag_id":"0","views_count":"0","mobile_views_count":"0","app_views_count":"0","monographic_id":"0","domain_id":"0","goods_id":"0","is_tovc":"0","is_free":"0","column_name":"社交","title":"子弹短信收敛锋芒：要想活，先低调？","cover":"https://pic.36krcnd.com/201808/30094648/te7pa1uieet02jrm!heading","template_info":{"template_type":"small_image","template_title":"子弹短信收敛锋芒：要想活，先低调？","template_title_isSame":true,"template_cover":["https://pic.36krcnd.com/201808/30094637/gnvxvzpl4eo3bnij!heading"]},"published_at":"2018-08-30T17:48:19+08:00","column_id":"7","user_id":"375349","extraction_tags":"[[\"大公司\",\"dagongsi\",1],[\"社交\",\"shejiao\",1],[\"媒体\",\"meiti528481640115\",1],[\"微信\",\"weixin\",2],[\"腾讯\",\"tengxun\",2],[\"钉钉\",\"dingding\",2],[\"微博\",\"weibo\",2],[\"今日头条\",\"jinritoutiao\",2]]","user_info":"{\"id\":375349,\"avatar_url\":\"http:\\/\\/krplus-pic.b0.upaiyun.com\\/201603\\/22055321\\/cg0huhoojxi0iipw.jpg!480\",\"name\":\"36\\u6c2a\\u7684\\u670b\\u53cb\\u4eec\",\"nickname\":\"36\\u6c2a\\u7684\\u670b\\u53cb\\u4eec\",\"title\":\"\\u8d44\\u6df1\\u4f5c\\u8005\",\"department_belong\":\"\\u8981\\u95fb-UGC\\u90e8\",\"introduction\":\"\\u7fa4\\u4f17\\u7684\\u667a\\u6167\\u662f\\u65e0\\u7a77\\u7684~\\u6b22\\u8fce\\u4e00\\u7ebf\\u7684\\u521b\\u4e1a\\u8005\\u548c\\u6295\\u8d44\\u8005\\u5206\\u4eab\\u4f60\\u4eec\\u7684\\u89c2\\u5bdf\\u548c\\u770b\\u6cd5 tips@36kr.com\",\"is_author\":\"1\"}","highlight":null,"_type":"post","_score":null,"favourite_num":"7"},{"id":"5151020","summary":"人体姿势和舞蹈动作迁移。","project_id":"1","tag_id":"0","views_count":"0","mobile_views_count":"0","app_views_count":"0","monographic_id":"0","domain_id":"0","goods_id":"0","is_tovc":"0","is_free":"0","column_name":"人工智能","title":"想成为抖音的下一代舞王？Deepfakes 技术可以帮你","cover":"https://pic.36krcnd.com/201808/30092407/x0ffna029l1fy5xf!heading","template_info":{"template_type":"small_image","template_title":"想成为抖音的下一代舞王？Deepfakes 技术可以帮你","template_title_isSame":true,"template_cover":["https://pic.36krcnd.com/201808/30092339/3sul271such95vhh!heading"]},"published_at":"2018-08-30T17:47:22+08:00","column_id":"217","user_id":"226650837","extraction_tags":"[[\"人工智能\",\"rengongzhineng\",1],[\"大公司\",\"dagongsi\",1],[\"图像识别\",\"tuxiangshibie\",2],[\"微信\",\"weixin\",2]]","user_info":"{\"id\":226650837,\"avatar_url\":\"https:\\/\\/krplus-pic.b0.upaiyun.com\\/avatar\\/201806\\/27082256\\/jggwuz52uhc2su1i\",\"name\":\"\\u56fe\\u666e\\u79d1\\u6280\",\"nickname\":\"\\u56fe\\u666e\\u79d1\\u6280\",\"title\":\"\\u65b0\\u9510\\u4f5c\\u8005\",\"department_belong\":\"\\u8981\\u95fb-\\u7f16\\u8bd1\\u90e8\",\"introduction\":\"\\u4e13\\u6ce8\\u4e8e\\u56fe\\u50cf\\u8bc6\\u522b\\u548c\\u89c6\\u89c9\\u68c0\\u6d4b\\u7684\\u4eba\\u5de5\\u667a\\u80fd\\u516c\\u53f8\\u3002\",\"is_author\":\"1\"}","highlight":null,"_type":"post","_score":null,"favourite_num":"1"},{"id":"15340","column_id":"214","column_name":"科技·氪视频","project_id":"1","tag_id":"0","title":"还说不作恶？谷歌被曝光强制记录用户位置数据","cover":"https://pic.36krcnd.com/201808/30094043/8s5iv4ce8gs8os95!heading","template_info":{"template_type":"small_image","template_title":"还说不作恶？谷歌被曝光强制记录用户位置数据","template_title_isSame":true,"template_cover":["https://pic.36krcnd.com/201808/30094043/8s5iv4ce8gs8os95!heading"]},"published_at":"2018-08-30T17:42:59+08:00","extraction_tags":"[[\"大公司\",\"dagongsi\",1],[\"企业服务\",\"qiyefuwu\",1],[\"人工智能\",\"rengongzhineng\",1],[\"信息安全\",\"xinxianquan\",2],[\"智能手机\",\"zhinengshouji\",2],[\"谷歌\",\"guge\",2]]","summary":"本月初，该大学的教授公布了一份研究报告。该报告指出，谷歌在安卓设备上收集的用户信息远远多于它在iPhone上收集的数据。","web_cover":"https://pic.36krcnd.com/201808/30093952/5uia0ikje7k4lrer","user_id":"86347599","user_info":"{\"id\":86347599,\"avatar_url\":\"https:\\/\\/pic.36krcnd.com\\/avatar\\/201702\\/10070449\\/32voo01q63ac8uxx.jpg!480\",\"name\":\"\\u7f57\\u8d85\\u9891\\u9053\",\"nickname\":\"\\u7f57\\u8d85\\u9891\\u9053\"}","highlight":null,"_type":"video","_score":null},{"id":"5151030","summary":"一窥中国线下娱乐的先锋借鉴对象","project_id":"1","tag_id":"0","views_count":"0","mobile_views_count":"0","app_views_count":"0","monographic_id":"0","domain_id":"0","goods_id":"0","is_tovc":"0","is_free":"0","column_name":"娱乐","title":"时髦、谈资、身份重塑，一场美式体验经济的社交货币","cover":"https://pic.36krcnd.com/201808/30092620/w54036sjotgq9ja3!heading","template_info":{"template_type":"small_image","template_title":"时髦、谈资、身份重塑，一场美式体验经济的社交货币","template_title_isSame":true,"template_cover":["https://pic.36krcnd.com/201808/30092614/yk9vjc6x4uekxd52!heading"]},"published_at":"2018-08-30T17:31:01+08:00","column_id":"225","user_id":"915535584","extraction_tags":"[[\"社交\",\"shejiao\",1],[\"媒体\",\"meiti528481640115\",1],[\"谈资\",\"tanzi\",1],[\"社交媒体\",\"shejiaomeiti\",2],[\"购物中心\",\"gouwuzhongxin\",2],[\"可口可乐\",\"kekoukele\",2],[\"惠普\",\"huipu\",2],[\"电竞\",\"dianjing\",2]]","user_info":"{\"id\":915535584,\"avatar_url\":\"https:\\/\\/pic.36krcnd.com\\/avatar\\/201705\\/08101406\\/4m6715sgyuz7659r.jpg!480\",\"name\":\"\\u5de6\\u9a6d\",\"nickname\":\"\\u5de6\\u9a6d\",\"title\":\"\\u7279\\u9080\\u4f5c\\u8005\",\"department_belong\":\"\\u8981\\u95fb-UGC\\u90e8\",\"introduction\":\"\\u4e13\\u6ce8\\u6587\\u3001\\u65c5\\u3001\\u4f53\\u3001\\u5a31\\u5927\\u6d88\\u8d39\\u9886\\u57df\\u6295\\u8d44\\uff0c\\u4e1a\\u52a1\\u5305\\u62ec\\uff1a\\u6587\\u65c5\\u4ea7\\u4e1a\\u6295\\u8d44\\uff08\\u5305\\u62ec\\u6587\\u65c5\\u91cd\\u8d44\\u4ea7\\u4ea7\\u4e1a\\u57fa\\u91d1\\u4e0e\\u6587\\u65c5\\u751f\\u6d3b\\u65b9\\u5f0f\\u521b\\u6295\\u57fa\\u91d1\\uff09\\u3001\\u6587\\u65c5\\u76ee\\u7684\\u5730\\u89c4\\u5212\\u53ca\\u8fd0\\u8425\\u548c\\u8d22\\u52a1\\u987e\\u95ee\\u3002\",\"is_author\":\"1\"}","highlight":null,"_type":"post","_score":null,"favourite_num":"1"},{"id":"5151022","summary":"缺乏革命性创新是子弹短信热闹背后最尴尬的一面。","project_id":"1","tag_id":"0","views_count":"0","mobile_views_count":"0","app_views_count":"0","monographic_id":"0","domain_id":"0","goods_id":"0","is_tovc":"0","is_free":"0","column_name":"社交","title":"子弹短信真能威胁微信？","cover":"https://pic.36krcnd.com/201808/30090538/2s3nl2aewi1bkpv2!heading","template_info":{"template_type":"small_image","template_title":"子弹短信真能威胁微信？","template_title_isSame":true,"template_cover":["https://pic.36krcnd.com/201808/30090528/t7vey05e1cum940k!heading"]},"published_at":"2018-08-30T17:06:14+08:00","column_id":"7","user_id":"1883322323","extraction_tags":"[[\"大公司\",\"dagongsi\",1],[\"社交\",\"shejiao\",1],[\"投资\",\"touzi\",1],[\"微信\",\"weixin\",2],[\"微博\",\"weibo\",2],[\"苹果\",\"pingguo\",2],[\"支付宝\",\"zhifubao\",2],[\"腾讯\",\"tengxun\",2]]","user_info":"{\"id\":1883322323,\"avatar_url\":\"https:\\/\\/pic.36krcnd.com\\/avatar\\/201803\\/23025536\\/t6g2i2vk657xactc.jpg!480\",\"name\":\"\\u51e4\\u51f0\\u7f51\\u79d1\\u6280\",\"nickname\":\"\\u51e4\\u51f0\\u7f51\\u79d1\\u6280\",\"title\":\"\\u7279\\u9080\\u4f5c\\u8005\",\"department_belong\":\"\\u97f3\\u89c6\\u9891\\u90e8-\\u89c6\\u9891UGC\",\"introduction\":\"\",\"is_author\":\"1\"}","highlight":null,"_type":"post","_score":null,"favourite_num":"1"},{"id":"5150719","summary":"蚕蛹脆片、即食鸭汤、人造肉","project_id":"1","tag_id":"0","views_count":"0","mobile_views_count":"0","app_views_count":"0","monographic_id":"0","domain_id":"0","goods_id":"0","is_tovc":"0","is_free":"0","column_name":"消费","title":"食品+科技有什么新玩法？这里有 Bits x Bites 推荐的十个早期项目","cover":"https://pic.36krcnd.com/201808/30014302/lo5qezt0hzbdch0j!heading","template_info":{"template_type":"small_image","template_title":"食品+科技有什么新玩法？这里有 Bits x Bites 推荐的十个早期项目","template_title_isSame":true,"template_cover":["https://pic.36krcnd.com/201808/30014252/bl4fy6m73jcrhuqb!heading"]},"published_at":"2018-08-30T17:04:58+08:00","column_id":"221","user_id":"166151753","extraction_tags":"[[\"消费\",\"xiaofei\",1],[\"农业农村\",\"nongyenongcun\",1],[\"区块链\",\"qukuailian\",2],[\"农业\",\"nongye\",2],[\"零售\",\"lingshou\",2],[\"下厨房\",\"xiachufang\",2],[\"消费升级\",\"xiaofeishengji\",2]]","user_info":"{\"id\":166151753,\"avatar_url\":\"http:\\/\\/thirdwx.qlogo.cn\\/mmopen\\/vi_32\\/Q0j4TwGTfTIU1EtHwwlF2Fq0G27SxKdJxdu98Kk1V8KRaeX80httE8uxsHuMGlzNII2VgbIKBb1Kn2HaibEuasA\\/132\",\"name\":\"\\u8a79\\u59ae\\u59ae\",\"nickname\":\"\\u8a79\\u59ae\\u59ae\",\"title\":\"\\u65b0\\u9510\\u4f5c\\u8005\",\"department_belong\":\"\\u672a\\u6765\\u516c\\u53f8\\u90e8\",\"introduction\":\"\\u5173\\u6ce8\\u4e00\\u5207\\u5403\\u559d\\u73a9\\u4e50\\uff0c\\u5fae\\u4fe1\\u53f7\\uff1amuar22\\uff0c\\u6dfb\\u52a0\\u8bf7\\u6ce8\\u660e\\u4e8b\\u5b9c\\u548c\\u8eab\\u4efd\",\"is_author\":\"1\"}","highlight":null,"_type":"post","_score":null,"favourite_num":"12"},{"id":"5150997","summary":"没了先发优势，价格优势，现在最重要的音乐优势逐渐削弱，腾讯听听怎么赢呢？","project_id":"1","tag_id":"0","views_count":"0","mobile_views_count":"0","app_views_count":"0","monographic_id":"0","domain_id":"0","goods_id":"0","is_tovc":"0","is_free":"0","column_name":"大公司","title":"百度为小度音箱拿来QQ音乐曲库，腾讯听听很“受伤”","cover":"https://pic.36krcnd.com/201808/30070208/a11wcuyq0nmw4hvz!heading","template_info":{"template_type":"small_image","template_title":"百度为小度音箱拿来QQ音乐曲库，腾讯听听很“受伤”","template_title_isSame":true,"template_cover":["https://pic.36krcnd.com/201808/30070201/dg6wf1p1xetj7bwp!heading"]},"published_at":"2018-08-30T17:03:41+08:00","column_id":"23","user_id":"477863159","extraction_tags":"[[\"大公司\",\"dagongsi\",1],[\"文娱\",\"wenyu\",1],[\"物联网\",\"wulianwang\",1],[\"百度\",\"baidu51381186\",2],[\"腾讯\",\"tengxun\",2],[\"小米\",\"xiaomi\",2],[\"音乐\",\"yinyue\",2],[\"智能家居\",\"zhinengjiaju\",2]]","user_info":"{\"id\":477863159,\"avatar_url\":\"https:\\/\\/pic.36krcnd.com\\/avatar\\/201611\\/22162747\\/0ork5s4gyqy7ql0w.jpeg!480\",\"name\":\"\\u591c\\u53f6\",\"nickname\":\"\\u591c\\u53f6\",\"title\":\"\\u8d44\\u6df1\\u4f5c\\u8005\",\"department_belong\":\"\\u8981\\u95fb\\u90e8\",\"introduction\":\"\\u79d1\\u6280 \\u6587\\u5a31 \\u76f4\\u64ad wechat\\uff1alhs425868463\",\"is_author\":\"1\"}","highlight":null,"_type":"post","_score":null,"favourite_num":"4"},{"id":"2445","state":"published","title":"滴滴无限期下线顺风车业务，它还有“复活”的必要吗？","summary":"从5月的郑州空姐遇害到上周的温州女孩，顺风车安全再次成为讨论焦点。自8月27日零时起，滴滴在全国范围内下线顺风车业务，高德地图出于安全考虑，也已暂时下线该业务。这个带有共享经济特点的业务如果被永久取消，滴滴会受到多大影响？在网约车的多项业务中，多次踩红线的顺风车还有存在的必要吗？","cover":"https://pic.36krcnd.com/201808/27082058/uccwd4eo94ey7e9f!heading","cover_web":"https://pic.36krcnd.com/201808/27082106/c5wwgten6tsn1ud4!heading","user_id":"212428010","published_at":"2018-08-27 16:46:38","finished_at":null,"created_at":"2018-08-27 16:21:11","updated_at":"2018-08-29 13:15:02","template_info":{"template_type":"small_image","template_title":"滴滴无限期下线顺风车业务，它还有“复活”的必要吗？","template_title_isSame":true,"template_cover":["https://pic.36krcnd.com/201808/27082053/0vhrc7czw8yalpqa!heading"],"template_extra":{"entity_list":[]}},"type":"info_flow","weight":"2","feed_type":"monographic"},{"id":"5150714","summary":"政策的不作为正在加剧美国的贫富分化。","project_id":"1","tag_id":"0","views_count":"0","mobile_views_count":"0","app_views_count":"0","monographic_id":"0","domain_id":"0","goods_id":"0","is_tovc":"0","is_free":"0","column_name":"大公司","title":"杰夫贝佐斯成为 1500 亿美元富翁：对他来说是胜利，对美国来说是悲哀","cover":"https://pic.36krcnd.com/201808/29025045/pf918y37yvmlchuq!heading","template_info":{"template_type":"small_image","template_title":"杰夫贝佐斯成为 1500 亿美元富翁：对他来说是胜利，对美国来说是悲哀","template_title_isSame":true,"template_cover":["https://pic.36krcnd.com/201808/29025037/5do2a68p5579ssh6!heading"]},"published_at":"2018-08-30T17:03:20+08:00","column_id":"23","user_id":"126026025","extraction_tags":"[[\"大公司\",\"dagongsi\",1],[\"金融\",\"jinrong\",1],[\"投资\",\"touzi\",1],[\"亚马逊\",\"yamaxun\",2],[\"支付\",\"zhifu528481190115\",2],[\"彩票\",\"caipiao\",2],[\"配送\",\"peisong\",2],[\"旅行\",\"luxing50234428\",2]]","user_info":"{\"id\":126026025,\"avatar_url\":\"https:\\/\\/pic.36krcnd.com\\/avatar\\/201704\\/17052516\\/u0263c9a79uddl1r.jpeg!480\",\"name\":\"\\u559c\\u6c64\",\"nickname\":\"\\u559c\\u6c64\",\"title\":\"\\u65b0\\u9510\\u4f5c\\u8005\",\"department_belong\":\"\\u8981\\u95fb-\\u7f16\\u8bd1\\u90e8\",\"introduction\":\"\\u5927\\u516c\\u53f8\\/AI\\/\\u5a31\\u4e50\",\"is_author\":\"1\"}","highlight":null,"_type":"post","_score":null,"favourite_num":"6"},{"id":"5151019","summary":"跑路并不等于高枕无忧。","project_id":"1","tag_id":"0","views_count":"0","mobile_views_count":"0","app_views_count":"0","monographic_id":"0","domain_id":"0","goods_id":"0","is_tovc":"0","is_free":"0","column_name":"金融","title":"暴雷潮中的跑路者们，落网与抓捕都在继续","cover":"https://pic.36krcnd.com/201808/30085238/a6ajvb20m04236ho!heading","template_info":{"template_type":"small_image","template_title":"暴雷潮中的跑路者们，落网与抓捕都在继续","template_title_isSame":true,"template_cover":["https://pic.36krcnd.com/201808/30085227/99flo3wut1b96z6i!heading"]},"published_at":"2018-08-30T16:59:13+08:00","column_id":"226","user_id":"537224295","extraction_tags":"[[\"金融\",\"jinrong\",1],[\"大公司\",\"dagongsi\",1],[\"投资\",\"touzi\",1],[\"微博\",\"weibo\",2],[\"资产管理\",\"zichanguanli\",2],[\"微信\",\"weixin\",2],[\"财富管理\",\"caifuguanli\",2],[\"证券\",\"zhengquan\",2]]","user_info":"{\"id\":537224295,\"avatar_url\":\"https:\\/\\/pic.36krcnd.com\\/avatar\\/201707\\/25032604\\/ectmfgqzbivvcqjm.jpg!480\",\"name\":\"\\u72ec\\u89d2\\u91d1\\u878d\",\"nickname\":\"\\u72ec\\u89d2\\u91d1\\u878d\",\"title\":\"\\u7279\\u9080\\u4f5c\\u8005\",\"department_belong\":\"\\u8981\\u95fb-UGC\\u90e8\",\"introduction\":\"\",\"is_author\":\"1\"}","highlight":null,"_type":"post","_score":null,"favourite_num":"0"},{"id":"5150999","summary":"有微信小游戏这个老大在，爱奇艺和OPPO们能分到多少羹？","project_id":"1","tag_id":"0","views_count":"0","mobile_views_count":"0","app_views_count":"0","monographic_id":"0","domain_id":"0","goods_id":"0","is_tovc":"0","is_free":"0","column_name":"娱乐","title":"视频网站、手机厂商均上线小游戏平台，噱头还是一笔能赚的生意？","cover":"https://pic.36krcnd.com/201808/30084252/97cuigf8tjuzm2jo!heading","template_info":{"template_type":"small_image","template_title":"视频网站、手机厂商均上线小游戏平台，噱头还是一笔能赚的生意？","template_title_isSame":true,"template_cover":["https://pic.36krcnd.com/201808/30084246/hxu694ajx7m0b9tg!heading"]},"published_at":"2018-08-30T16:45:26+08:00","column_id":"225","user_id":"1934172915","extraction_tags":"[[\"大公司\",\"dagongsi\",1],[\"游戏\",\"youxi\",1],[\"小程序\",\"xiaochengxu\",1],[\"微信\",\"weixin\",2],[\"爱奇艺\",\"aiqiyi\",2],[\"消费金融\",\"xiaofeijinrong\",2],[\"短视频\",\"duanshipin\",2],[\"智能家居\",\"zhinengjiaju\",2]]","user_info":"{\"id\":1934172915,\"avatar_url\":\"https:\\/\\/pic.36krcnd.com\\/avatar\\/201705\\/11030849\\/az9d9d1t1b24p1cf.jpg!480\",\"name\":\"\\u5f6d\\u5029\",\"nickname\":\"\\u5f6d\\u5029\",\"title\":\"\\u8d44\\u6df1\\u4f5c\\u8005\",\"department_belong\":\"\\u8981\\u95fb\\u90e8\",\"introduction\":\"\\u4e00\\u53ea\\u5728\\u9b54\\u90fd\\u5173\\u6ce8\\u79d1\\u6280\\u7535\\u5546\\u3001\\u751f\\u6d3b\\u65b9\\u5f0f\\u7684\\u5154\\uff0c\\u5fae\\u4fe1405258252\",\"is_author\":\"1\"}","highlight":null,"_type":"post","_score":null,"favourite_num":"8"},{"id":"5151004","summary":"微信巨大的网络效应，让其形成了一道护城河。即便是强大如阿里，在社交上也不是它的对手，更不用说子弹短信了。","project_id":"1","tag_id":"0","views_count":"0","mobile_views_count":"0","app_views_count":"0","monographic_id":"0","domain_id":"0","goods_id":"0","is_tovc":"0","is_free":"0","column_name":"社交","title":"连续7天霸占App榜首的“子弹短信”，为什么我并不看好","cover":"https://pic.36krcnd.com/201808/30074440/cv0oec3t7ncbqd43!heading","template_info":{"template_type":"small_image","template_title":"连续7天霸占App榜首的“子弹短信”，为什么我并不看好","template_title_isSame":true,"template_cover":["https://pic.36krcnd.com/201808/30074434/118j59pcsh95cn96!heading"]},"published_at":"2018-08-30T16:42:08+08:00","column_id":"7","user_id":"1803515489","extraction_tags":"[[\"大公司\",\"dagongsi\",1],[\"金融\",\"jinrong\",1],[\"社交\",\"shejiao\",1],[\"微信\",\"weixin\",2],[\"支付宝\",\"zhifubao\",2],[\"淘宝\",\"taobao\",2],[\"钉钉\",\"dingding\",2],[\"区块链\",\"qukuailian\",2]]","user_info":"{\"id\":1803515489,\"avatar_url\":\"https:\\/\\/pic.36krcnd.com\\/avatar\\/201611\\/25071206\\/kvsxeud91lvecxtk.png!480\",\"name\":\"\\u8fd0\\u8425\\u7814\\u7a76\\u793e\",\"nickname\":\"\\u8fd0\\u8425\\u7814\\u7a76\\u793e\",\"title\":\"\\u7279\\u9080\\u4f5c\\u8005\",\"department_belong\":\"\\u8981\\u95fb-UGC\\u90e8\",\"introduction\":\"\\u4e92\\u8054\\u7f51\\u8fd0\\u8425\\u7b2c\\u4e00\\u5b66\\u4e60\\u793e\\u7fa4\",\"is_author\":\"1\"}","highlight":null,"_type":"post","_score":null,"favourite_num":"8"},{"id":"5150979","summary":"近期饿了么动作频频，忙于上市的美团一直未予以正面回应，而今美团外卖一场关于公益行动的发布会显得颇具深意。","project_id":"1","tag_id":"0","views_count":"0","mobile_views_count":"0","app_views_count":"0","monographic_id":"0","domain_id":"0","goods_id":"0","is_tovc":"0","is_free":"0","column_name":"大公司","title":"最前线丨饿了么攻势正猛，美团外卖却关注起了环境问题","cover":"https://pic.36krcnd.com/201808/30072500/57bc9s2s94rifjvf!heading","template_info":{"template_type":"small_image","template_title":"最前线丨饿了么攻势正猛，美团外卖却关注起了环境问题","template_title_isSame":true,"template_cover":["https://pic.36krcnd.com/201808/30072454/dj7y7inszkuz1lbq!heading"]},"published_at":"2018-08-30T16:34:02+08:00","column_id":"23","user_id":"123990832","extraction_tags":"[[\"大公司\",\"dagongsi\",1],[\"投资机构\",\"touzijigou\",1],[\"消费\",\"xiaofei\",1],[\"饿了么\",\"eleme\",2],[\"美团点评\",\"meituandianping\",2],[\"阿里巴巴\",\"alibaba\",2],[\"摩根士丹利\",\"mogenshidanli\",2],[\"高盛\",\"gaosheng\",2]]","user_info":"{\"id\":123990832,\"avatar_url\":\"https:\\/\\/pic.36krcnd.com\\/avatar\\/201803\\/20051834\\/7ufwgatwby2blzez.png!480\",\"name\":\"\\u66f9\\u5029\",\"nickname\":\"\\u66f9\\u5029\",\"title\":\"\\u8d44\\u6df1\\u4f5c\\u8005\",\"department_belong\":\"\\u8981\\u95fb\\u90e8\",\"introduction\":\"\\u5173\\u6ce8O2O\\u3001\\u96f6\\u552e\\u3001\\u91d1\\u878d\\u79d1\\u6280\\uff0c\\u4ea4\\u6d41\\u8bf7\\u52a0\\u5fae\\u4fe1CQ_Beatles\",\"is_author\":\"1\"}","highlight":null,"_type":"post","_score":null,"favourite_num":"7"},{"id":"5151015","summary":"万达电影收购万达影视传达的是高估值、高商誉、高业绩对赌的“三高”危险信号。","project_id":"1","tag_id":"0","views_count":"0","mobile_views_count":"0","app_views_count":"0","monographic_id":"0","domain_id":"0","goods_id":"0","is_tovc":"0","is_free":"0","column_name":"大公司","title":"半年报持续高涨的万达电影，下一步该怎么走","cover":"https://pic.36krcnd.com/201808/30082718/fhwkjzewgueai0o5!heading","template_info":{"template_type":"small_image","template_title":"半年报持续高涨的万达电影，下一步该怎么走","template_title_isSame":true,"template_cover":["https://pic.36krcnd.com/201808/30082731/0wib07zrnmsry6yp!heading"]},"published_at":"2018-08-30T16:29:37+08:00","column_id":"23","user_id":"375349","extraction_tags":"[[\"文娱\",\"wenyu\",1],[\"媒体\",\"meiti528481640115\",1],[\"投资\",\"touzi\",1],[\"衍生品\",\"yanshengpin\",2],[\"阿里影业\",\"aliyingye\",2],[\"股票\",\"gupiao\",2],[\"阿里巴巴\",\"alibaba\",2],[\"万达\",\"wanda\",2]]","user_info":"{\"id\":375349,\"avatar_url\":\"http:\\/\\/krplus-pic.b0.upaiyun.com\\/201603\\/22055321\\/cg0huhoojxi0iipw.jpg!480\",\"name\":\"36\\u6c2a\\u7684\\u670b\\u53cb\\u4eec\",\"nickname\":\"36\\u6c2a\\u7684\\u670b\\u53cb\\u4eec\",\"title\":\"\\u8d44\\u6df1\\u4f5c\\u8005\",\"department_belong\":\"\\u8981\\u95fb-UGC\\u90e8\",\"introduction\":\"\\u7fa4\\u4f17\\u7684\\u667a\\u6167\\u662f\\u65e0\\u7a77\\u7684~\\u6b22\\u8fce\\u4e00\\u7ebf\\u7684\\u521b\\u4e1a\\u8005\\u548c\\u6295\\u8d44\\u8005\\u5206\\u4eab\\u4f60\\u4eec\\u7684\\u89c2\\u5bdf\\u548c\\u770b\\u6cd5 tips@36kr.com\",\"is_author\":\"1\"}","highlight":null,"_type":"post","_score":null,"favourite_num":"1"},{"id":"2444","state":"published","title":"亚运会LOL、AoV双双夺冠，中国电竞离获得认可还有多远？","summary":"8月29日，中国队战胜韩国队，夺取亚运会《英雄联盟》冠军，就在三天前中国队在《王者荣耀》国际版（AoV）中，就战胜了中国台北队，拿下亚运会历史上的首枚电子竞技金牌。电竞在不断努力赢得主流价值观的认可，并在2017年，电竞终于获得国际奥委会认可为体育项目，但在大众眼中电竞是不是体育还是有争议，这次中国队连夺两块金牌，会让电竞获得更多的认可吗？","cover":"https://pic.36krcnd.com/201808/27072022/a3yw42nnpycll0tl!heading","cover_web":"https://pic.36krcnd.com/201808/27072047/u0mg1rechgkkrbcw!heading","user_id":"576620215","published_at":"2018-08-29 18:38:12","finished_at":"2018-08-29 18:38:09","created_at":"2018-08-27 15:25:38","updated_at":"2018-08-30 08:16:41","template_info":{"template_type":"small_image","template_title":"亚运会LOL、AoV双双夺冠，中国电竞离获得认可还有多远？","template_title_isSame":true,"template_cover":["https://pic.36krcnd.com/201808/29103510/bp6q65pfpujrcyqq!heading"],"template_extra":{"entity_list":[]}},"type":"info_flow","weight":"3","feed_type":"monographic"},{"id":"5150910","summary":"科学转诊，有效衔接~","project_id":"1","tag_id":"0","views_count":"0","mobile_views_count":"0","app_views_count":"0","monographic_id":"0","domain_id":"0","goods_id":"0","is_tovc":"0","is_free":"0","column_name":"医疗健康","title":"36氪首发 | 「佑宝孕育」获数千万元Pre-A轮融资，落地生殖诊所治疗不孕不育","cover":"https://pic.36krcnd.com/201808/30015629/jl49k444l5rw89z5!heading","template_info":{"template_type":"small_image","template_title":"36氪首发 | 「佑宝孕育」获数千万元Pre-A轮融资，落地生殖诊所治疗不孕不育","template_title_isSame":true,"template_cover":["https://pic.36krcnd.com/201808/30015638/cwvbh3ie7j82442m!heading"]},"published_at":"2018-08-30T16:24:34+08:00","column_id":"234","user_id":"177330591","extraction_tags":"[[\"智能硬件\",\"zhinengyingjian\",1],[\"医疗健康\",\"yiliaojiankang\",1],[\"消费\",\"xiaofei\",1]]","user_info":"{\"id\":177330591,\"avatar_url\":\"https:\\/\\/pic.36krcnd.com\\/avatar\\/201805\\/26064427\\/3b754ylnv64n0bom.png!480\",\"name\":\"\\u987f\\u96e8\\u5a77\",\"nickname\":\"\\u987f\\u96e8\\u5a77\",\"title\":\"\\u65b0\\u9510\\u4f5c\\u8005\",\"department_belong\":\"\\u672a\\u6765\\u516c\\u53f8\\u90e8\",\"introduction\":\"\\u5173\\u6ce8\\u533b\\u7597\\u5927\\u5065\\u5eb7\\u9886\\u57df\\u7684\\u65b0\\u9c9c\\u4e8b\\uff0c\\u4ea4\\u6d41\\u53ef\\u52a0\\u5fae\\u4fe1562794102~\",\"is_author\":\"1\"}","highlight":null,"_type":"post","_score":null,"favourite_num":"4"},{"id":"5151002","summary":"“子弹短信只是在意信息沟通效率的一支细分人群”","project_id":"1","tag_id":"0","views_count":"0","mobile_views_count":"0","app_views_count":"0","monographic_id":"0","domain_id":"0","goods_id":"0","is_tovc":"0","is_free":"0","column_name":"人物","title":"大佬言论 | 郝浠杰：子弹短信没打算和微信抗衡","cover":"https://pic.36krcnd.com/201808/30080021/561kian2t8lopr1b!heading","template_info":{"template_type":"big_image","template_title":"大佬言论 | 郝浠杰：子弹短信没打算和微信抗衡","template_title_isSame":true,"template_cover":["https://pic.36krcnd.com/201808/30080013/k9jxbchkhx5ygshh!heading"]},"published_at":"2018-08-30T16:03:14+08:00","column_id":"106","user_id":"472137299","extraction_tags":"","user_info":"{\"id\":472137299,\"avatar_url\":\"https:\\/\\/pic.36krcnd.com\\/avatar\\/201803\\/07075656\\/0fy0steyjwx9y463.jpeg!480\",\"name\":\"\\u8e29\\u8611\\u83c7\\u7684\\u5c0f\\u7405\\u5b50\",\"nickname\":\"\\u8e29\\u8611\\u83c7\\u7684\\u5c0f\\u7405\\u5b50\",\"title\":\"\\u65b0\\u9510\\u4f5c\\u8005\",\"department_belong\":\"\\u8981\\u95fb\\u90e8\",\"introduction\":\"\",\"is_author\":\"1\"}","highlight":null,"_type":"post","_score":null,"favourite_num":"3"}],"sidebarNewsflash|newsflash":[{"id":"134900","column_id":"72","post_id":"0","is_top":"0","pin":"0","title":"税总局明确私募适应税率最高或达35% ，创投行业将受影响","catch_title":"","description":"投中网报道称，“不少创投机构被一件事搞得焦头烂额——旗下基金接到税务部门通知，需要补交过去多年的所得税，数额高的可达数亿元。”国家税务总局官方对此进行了回应，与此前媒体的报道也相吻合，有限合伙私募基金将适用“个体工商户的生产、经营所得”项目缴纳个人所得税，5级累进税率最高可达35%。（21财经）","cover":"","news_url_type":"news_url","news_url":"https://m.21jingji.com/article/20180830/herald/25e1e2861913e15a3f9485b9c67a811d.html","user_id":"12067619","published_at":"2018-08-30 18:36:03","created_at":"2018-08-30 18:36:03","updated_at":"2018-08-30 18:36:38","counters":{"view_count":"0","pv":"0","pv_mobile":"0","pv_app":"0","comment":"0"},"extraction_tags_arr":[],"template_info":{"template_type":"no_image","template_title":"税总局明确私募适应税率最高或达35% ，创投行业将受影响","template_cover":[]},"extraction_tags":"[]","column":{"id":"72","name":"其他","bg_color":"#000000","type":"normal"},"db_counters":[],"user":{"id":"12067619","name":"马慜","avatar_url":"//sta.36krcnd.com/kr-passport/usercenter/static/media/avatar.d864db3e.png"},"news_url_title":"原文链接"},{"id":"134899","column_id":"72","post_id":null,"is_top":"0","pin":"0","title":"高级珠宝品牌布契拉提进驻京东旗下TOPLIFE","catch_title":"","description":"京东与高级珠宝品牌布契拉提达成合作，布契拉提达品牌已入驻京东旗下奢侈品电商平台TOPLIFE并开设Buccellati布契拉提官方旗舰店。这是布契拉提品牌迄今在中国设立的独家线上店铺。","cover":"","news_url_type":"news_url","news_url":"https://mp.weixin.qq.com/s/hKnXfPDKXdpDedLbqQT7gQ","user_id":"12067619","published_at":"2018-08-30 18:33:24","created_at":"2018-08-30 18:33:24","updated_at":"2018-08-30 18:33:24","counters":{"view_count":"0","pv":"0","pv_mobile":"0","pv_app":"0","comment":"0"},"extraction_tags_arr":[],"template_info":{"template_type":"no_image","template_title":"高级珠宝品牌布契拉提进驻京东旗下TOPLIFE","template_cover":[]},"extraction_tags":"[]","column":{"id":"72","name":"其他","bg_color":"#000000","type":"normal"},"db_counters":[],"user":{"id":"12067619","name":"马慜","avatar_url":"//sta.36krcnd.com/kr-passport/usercenter/static/media/avatar.d864db3e.png"},"news_url_title":"原文链接"},{"id":"134898","column_id":"72","post_id":null,"is_top":"0","pin":"0","title":"小米向印度网络贷款平台ZestMoney投资1340万美元","catch_title":"","description":"据国外科技媒体BGR报道，小米投资了总部位于班加罗尔市的印度网络贷款平台Zestmoney，小米此次参加的是该公司A轮融资。ZestMoney之前曾经和印度亚马逊、Flipkart等电子商务巨头进行合作，在此之前，该公司也曾经和“小米金融”等产品进行过合作。（腾讯）","cover":"","news_url_type":"news_url","news_url":"http://tech.qq.com/a/20180830/076094.htm","user_id":"12067619","published_at":"2018-08-30 18:30:28","created_at":"2018-08-30 18:30:28","updated_at":"2018-08-30 18:30:28","counters":{"view_count":"0","pv":"0","pv_mobile":"0","pv_app":"0","comment":"0"},"extraction_tags_arr":[],"template_info":{"template_type":"no_image","template_title":"小米向印度网络贷款平台ZestMoney投资1340万美元","template_cover":[]},"extraction_tags":"[]","column":{"id":"72","name":"其他","bg_color":"#000000","type":"normal"},"db_counters":[],"user":{"id":"12067619","name":"马慜","avatar_url":"//sta.36krcnd.com/kr-passport/usercenter/static/media/avatar.d864db3e.png"},"news_url_title":"原文链接"},{"id":"134897","column_id":"72","post_id":null,"is_top":"0","pin":"0","title":"App Annie：滴滴中国iOS下载量排名从第9跌至61位","catch_title":"","description":"据彭博社报道，App Annie的数据显示，在因顺风车乘客遇害事件遭到全国声讨后，打车应用滴滴出行的的下载量出现大幅下滑。乘客遇害事件引发公众愤怒，促使用户公开删除滴滴应用。截至周三，滴滴在苹果中国iOS平台的应用下载量排名已从8月20日的第9，下滑至第61位，创下自5月份以来的最差排名。（凤凰科技）","cover":"","news_url_type":"news_url","news_url":"http://tech.ifeng.com/a/20180830/45146084_0.shtml","user_id":"12067619","published_at":"2018-08-30 18:25:38","created_at":"2018-08-30 18:25:38","updated_at":"2018-08-30 18:25:38","counters":{"view_count":"0","pv":"0","pv_mobile":"0","pv_app":"0","comment":"0"},"extraction_tags_arr":[],"template_info":{"template_type":"no_image","template_title":"App Annie：滴滴中国iOS下载量排名从第9跌至61位","template_cover":[]},"extraction_tags":"[]","column":{"id":"72","name":"其他","bg_color":"#000000","type":"normal"},"db_counters":[],"user":{"id":"12067619","name":"马慜","avatar_url":"//sta.36krcnd.com/kr-passport/usercenter/static/media/avatar.d864db3e.png"},"news_url_title":"原文链接"},{"id":"134896","column_id":"72","post_id":"0","is_top":"0","pin":"0","title":"长安汽车上半年净利润16.1亿元，同比下降65.16%","catch_title":"","description":"36氪讯，长安汽车发布半年报，上半年实现营业收入356.4亿元，同比增长6.22%；实现净利润16.1亿元，同比下降65.16%。","cover":"","news_url_type":"news_url","news_url":"http://www.szse.cn/disclosure/listed/bulletinDetail/index.html?e0345066-aa82-4394-908d-a872959103ee","user_id":"12067619","published_at":"2018-08-30 18:20:08","created_at":"2018-08-30 18:20:08","updated_at":"2018-08-30 18:21:33","counters":{"view_count":"0","pv":"0","pv_mobile":"0","pv_app":"0","comment":"0"},"extraction_tags_arr":[],"template_info":{"template_type":"no_image","template_title":"长安汽车上半年净利润16.1亿元，同比下降65.16%","template_cover":[]},"extraction_tags":"[]","column":{"id":"72","name":"其他","bg_color":"#000000","type":"normal"},"db_counters":[],"user":{"id":"12067619","name":"马慜","avatar_url":"//sta.36krcnd.com/kr-passport/usercenter/static/media/avatar.d864db3e.png"},"news_url_title":"原文链接"},{"id":"134895","column_id":"72","post_id":"0","is_top":"0","pin":"0","title":"中国铁塔试水分布式IDC，进行多元化布局","catch_title":"","description":"中国铁塔上海市分公司已开始试点分布式设备托管业务。其已为两大IT企业集团在存量机房中提供机柜等设备的安装，并提供7×24小时的供电及日常巡检维护托管服务。中国铁塔在成功试点的基础上，正与多家公司洽谈相关业务，将在全国性复制扩展分布式设备托管及延展的IDC（互联网数据中心）业务。（中证网）","cover":"","news_url_type":"news_url","news_url":"http://www.egsea.com/news/detail?id=290253","user_id":"12067619","published_at":"2018-08-30 18:13:20","created_at":"2018-08-30 18:13:20","updated_at":"2018-08-30 18:16:28","counters":{"view_count":"2","pv":"0","pv_mobile":"0","pv_app":"2","comment":"0"},"extraction_tags_arr":[],"template_info":{"template_type":"no_image","template_title":"中国铁塔试水分布式IDC，进行多元化布局","template_cover":[]},"extraction_tags":"[]","column":{"id":"72","name":"其他","bg_color":"#000000","type":"normal"},"db_counters":[{"id":"2292352","entity_type":"newsflash","entity_id":"134895","count_type":"pv_app","key":"kr_newssite_counter:newsflash_134895_pv_app","value":"2","created_at":"2018-08-30 18:19:08","updated_at":"2018-08-30 18:20:33","entity_id_old":null}],"user":{"id":"12067619","name":"马慜","avatar_url":"//sta.36krcnd.com/kr-passport/usercenter/static/media/avatar.d864db3e.png"},"news_url_title":"原文链接"},{"id":"134894","column_id":"72","post_id":null,"is_top":"0","pin":"0","title":"快手称已封禁“天安社”60余个相关账号，因内容违规","catch_title":"","description":"针对之前网友怀疑“昆山8·27砍人事件”死者刘海龙为快手网红团体天安社成员的消息，微信公众号“天安兄弟”已否认。快手也已对平台上带有“天安社”等关键词的用户进行了集中回查，对违规内容和账号进行了全面清理，并定期回查严防复发，累计共封禁账号60余个。（新京报）","cover":"","news_url_type":"news_url","news_url":"http://tech.qq.com/a/20180830/072238.htm","user_id":"344033181","published_at":"2018-08-30 18:09:21","created_at":"2018-08-30 18:09:21","updated_at":"2018-08-30 18:09:21","counters":{"view_count":"0","pv":"0","pv_mobile":"0","pv_app":"0","comment":"0"},"extraction_tags_arr":[],"template_info":{"template_type":"no_image","template_title":"快手称已封禁“天安社”60余个相关账号，因内容违规","template_cover":[]},"extraction_tags":"[]","column":{"id":"72","name":"其他","bg_color":"#000000","type":"normal"},"db_counters":[],"user":{"id":"344033181","name":"李磊","avatar_url":"http://wx.qlogo.cn/mmopen/vi_32/Q0j4TwGTfTIxnzZ0kw8TbOibSLAycjkdBIjVq23lrMeLgJEPKr6CicuDamqrR6q02FrvibibC8ib3KZy7bbrW6hrhaw/0"},"news_url_title":"原文链接"},{"id":"134893","column_id":"72","post_id":"0","is_top":"0","pin":"0","title":"江苏要求网约车运营信息实时接入监管平台","catch_title":"","description":"36氪讯，江苏省交通运输厅运输管理局发布紧急通知，要求全省运管机构加强出租汽车行业监管，对不履行安全稳定主体责任的企业组织联合约谈。要求出租车企业的运营信息要实时、全量、真实地接入网约车监管信息交互平台。","cover":"","news_url_type":"news_url","news_url":"http://jtyst.jiangsu.gov.cn/art/2018/8/29/art_41904_7798775.html","user_id":"12067619","published_at":"2018-08-30 18:01:05","created_at":"2018-08-30 18:01:05","updated_at":"2018-08-30 18:07:35","counters":{"view_count":"0","pv":"0","pv_mobile":"0","pv_app":"0","comment":"0"},"extraction_tags_arr":[],"template_info":{"template_type":"no_image","template_title":"江苏要求网约车运营信息实时接入监管平台","template_cover":[]},"extraction_tags":"[]","column":{"id":"72","name":"其他","bg_color":"#000000","type":"normal"},"db_counters":[],"user":{"id":"12067619","name":"马慜","avatar_url":"//sta.36krcnd.com/kr-passport/usercenter/static/media/avatar.d864db3e.png"},"news_url_title":"原文链接"},{"id":"134892","column_id":"72","post_id":null,"is_top":"0","pin":"0","title":"浪潮发布AI云平台：支持大规模机器学习","catch_title":"","description":"8月30日，浪潮集团对外称重点投入AI，发布基于OpenStack的 AI云平台。该平台基于OpenStack开源云环境，整合了TensorFlow、Caffe-MPI、CNTK等主流框架，支持大规模机器学习与深度学习应用，支持Docker应用与管理，可秒级构建深度学习开发环境，极大简化AI开发流程。（腾讯一线）","cover":"","news_url_type":"news_url","news_url":"http://tech.qq.com/a/20180830/074227.htm","user_id":"344033181","published_at":"2018-08-30 17:59:46","created_at":"2018-08-30 17:59:46","updated_at":"2018-08-30 17:59:46","counters":{"view_count":"0","pv":"0","pv_mobile":"0","pv_app":"0","comment":"0"},"extraction_tags_arr":[],"template_info":{"template_type":"no_image","template_title":"浪潮发布AI云平台：支持大规模机器学习","template_cover":[]},"extraction_tags":"[]","column":{"id":"72","name":"其他","bg_color":"#000000","type":"normal"},"db_counters":[],"user":{"id":"344033181","name":"李磊","avatar_url":"http://wx.qlogo.cn/mmopen/vi_32/Q0j4TwGTfTIxnzZ0kw8TbOibSLAycjkdBIjVq23lrMeLgJEPKr6CicuDamqrR6q02FrvibibC8ib3KZy7bbrW6hrhaw/0"},"news_url_title":"原文链接"},{"id":"134891","column_id":"72","post_id":null,"is_top":"0","pin":"0","title":"百度浣军：AI 大数据、深度学习非常可能成为下一个增长点","catch_title":"","description":"2018全球智能投资峰会上，百度北京大数据实验室主任浣军表示，大数据AI成为新的技术和商业的创新动力，现在说AI是新的动力，实际上说的就是工业革命。他认为，发达国家的增长速度在放慢，都在寻找下一个增长点，AI、大数据、深度学习非常有可能成为一个增长点。（中国证券网）","cover":"","news_url_type":"news_url","news_url":"http://news.cnstock.com/news,bwkx-201808-4266497.htm","user_id":"344033181","published_at":"2018-08-30 17:53:40","created_at":"2018-08-30 17:53:40","updated_at":"2018-08-30 17:53:40","counters":{"view_count":"0","pv":"0","pv_mobile":"0","pv_app":"0","comment":"0"},"extraction_tags_arr":[],"template_info":{"template_type":"no_image","template_title":"百度浣军：AI 大数据、深度学习非常可能成为下一个增长点","template_cover":[]},"extraction_tags":"[]","column":{"id":"72","name":"其他","bg_color":"#000000","type":"normal"},"db_counters":[],"user":{"id":"344033181","name":"李磊","avatar_url":"http://wx.qlogo.cn/mmopen/vi_32/Q0j4TwGTfTIxnzZ0kw8TbOibSLAycjkdBIjVq23lrMeLgJEPKr6CicuDamqrR6q02FrvibibC8ib3KZy7bbrW6hrhaw/0"},"news_url_title":"原文链接"}],"projectNews|post":[{"id":"5078475","goods_id":"0","column_id":"119","monographic_id":null,"related_company_id":"0","related_company_type":"domestic","related_company_name":"","total_words":"925","close_comment":"0","title":"健康之路获百度投资6000万美元A轮融资，猿辅导完成K12 线上领域的单笔最大投资| 创投助手热点周报（5.29-6.2）","catch_title":"","summary":"创投助手监控了100+媒体，日均收集投资事件30+，本周共收集国内外投融资事件132条，文末附上项目清单（以及获投项目的相似项目），如有投资人用户想要获取投融资事件的Excel表格，请下载创投助手认证投资人，通过后在微信回复“表格”添加微信 jessicalady1 即可免费获取。普通用户也可下载创投助手登陆后即可在机会页实时查看最新投融资事件。","cover":"https://pic.36krcnd.com/avatar/201706/05042455/db3krgymx0stbwtp.jpg!heading","related_post_ids":"[\"5080182\",\"5082979\",\"5084913\"]","extraction_tags":"[[\"投资\",1],[\"大公司\",1],[\"电商\",1],[\"百度\",2],[\"腾讯\",2],[\"K12\",2],[\"IPO\",2],[\"并购\",2],[\"梅花天使创投\",2]]","user_id":"784389057","published_at":"2017-06-05 12:40:20","created_at":"2017-06-05 11:34:40","updated_at":"2018-08-26 02:39:16","counters":{"view_count":"860","pv":"610","pv_mobile":"116","pv_app":"134","favorite":"6","comment":"0","like":"1"},"related_posts":null,"is_free":"0","is_tovc":"0","template_info":"{\"template_type\":\"small_image\",\"template_title\":\"\\u5065\\u5eb7\\u4e4b\\u8def\\u83b7\\u767e\\u5ea6\\u6295\\u8d446000\\u4e07\\u7f8e\\u5143A\\u8f6e\\u878d\\u8d44\\uff0c\\u733f\\u8f85\\u5bfc\\u5b8c\\u6210K12 \\u7ebf\\u4e0a\\u9886\\u57df\\u7684\\u5355\\u7b14\\u6700\\u5927\\u6295\\u8d44| \\u521b\\u6295\\u52a9\\u624b\\u70ed\\u70b9\\u5468\\u62a5\\uff085.29-6.2\\uff09\",\"template_cover\":[\"https:\\/\\/pic.36krcnd.com\\/avatar\\/201706\\/05042455\\/db3krgymx0stbwtp.jpg!heading\"],\"changed\":1}","entity_flag":null,"title_mobile":null,"cover_mobile":null,"column":{"id":"119","name":"融资新闻","introduction":"提供最全的项目报道","bg_color":"#f04666"},"db_counters":[{"id":"921208","entity_type":"post","entity_id":"5078475","count_type":"favorite","value":"6"},{"id":"919993","entity_type":"post","entity_id":"5078475","count_type":"like","value":"1"},{"id":"919919","entity_type":"post","entity_id":"5078475","count_type":"pv","value":"610"},{"id":"920403","entity_type":"post","entity_id":"5078475","count_type":"pv_app","value":"134"},{"id":"919934","entity_type":"post","entity_id":"5078475","count_type":"pv_mobile","value":"116"}],"user":{"id":"784389057","name":"鲸准","avatar_url":"https://pic.36krcnd.com/avatar/201708/18031441/2xp41ilcueikal5u.jpeg!480","introduction":null,"is_push_outside":"1"}},{"id":"5058868","goods_id":"0","column_id":"119","monographic_id":null,"related_company_id":"115258","related_company_type":"domestic","related_company_name":"","total_words":"801","close_comment":"0","title":"2015 年被美国“时代周刊”列入十佳 APP ，“Cleen可印”正式进入中国","catch_title":"","summary":"分布式个性产品定制生产平台—“Cleen可印”进入中国","cover":"https://pic.36krcnd.com/avatar/201612/10103419/2mdlim2yl2jbx2fm.jpg!heading","related_post_ids":"[\"5069390\",\"5100746\",\"5114772\"]","extraction_tags":"[[\"电商\",1],[\"SaaS\",2]]","user_id":"194175599","published_at":"2016-12-11 16:07:06","created_at":"2016-12-10 18:32:22","updated_at":"2018-08-26 03:26:02","counters":{"view_count":"3071","pv":"1495","pv_mobile":"727","pv_app":"849","favorite":"6","comment":"0","like":"2"},"related_posts":null,"is_free":"0","is_tovc":"0","template_info":"{\"template_type\":\"small_image\",\"template_title\":\"2015 \\u5e74\\u88ab\\u7f8e\\u56fd\\u201c\\u65f6\\u4ee3\\u5468\\u520a\\u201d\\u5217\\u5165\\u5341\\u4f73 APP \\uff0c\\u201cCleen\\u53ef\\u5370\\u201d\\u6b63\\u5f0f\\u8fdb\\u5165\\u4e2d\\u56fd\",\"template_cover\":[\"https:\\/\\/pic.36krcnd.com\\/avatar\\/201612\\/10103419\\/2mdlim2yl2jbx2fm.jpg!heading\"],\"changed\":1}","entity_flag":null,"title_mobile":null,"cover_mobile":null,"column":{"id":"119","name":"融资新闻","introduction":"提供最全的项目报道","bg_color":"#f04666"},"db_counters":[{"id":"772771","entity_type":"post","entity_id":"5058868","count_type":"favorite","value":"6"},{"id":"770640","entity_type":"post","entity_id":"5058868","count_type":"like","value":"2"},{"id":"766932","entity_type":"post","entity_id":"5058868","count_type":"pv","value":"1495"},{"id":"766938","entity_type":"post","entity_id":"5058868","count_type":"pv_app","value":"849"},{"id":"766946","entity_type":"post","entity_id":"5058868","count_type":"pv_mobile","value":"727"}],"user":{"id":"194175599","name":"李轶","avatar_url":"https://pic.36krcnd.com//avatar/201607/13072244/gszyqkpowagfhv74.jpg!480","introduction":"微信：15222717815","is_push_outside":"1"}},{"id":"5057696","goods_id":"0","column_id":"119","monographic_id":null,"related_company_id":"94461","related_company_type":"domestic","related_company_name":"","total_words":"1254","close_comment":"0","title":"以药店智慧采购为切入点，首推的“SaaS工具+交易平台+金融数据”B2B模式浮出水面","catch_title":"","summary":"首推APP两大核心功能：一是基于药店管理的一些SaaS级应用工具，二是建立数据模型对药品数据进行分析","cover":"https://pic.36krcnd.com/avatar/201611/29135705/mg4ph5bwr15bcow6.jpg!heading","related_post_ids":"[\"5057946\",\"5058012\",\"5109134\"]","extraction_tags":"[[\"电商\",1],[\"医药电商\",2]]","user_id":"194175599","published_at":"2016-11-30 08:24:15","created_at":"2016-11-28 18:22:46","updated_at":"2018-08-26 03:29:16","counters":{"view_count":"3456","pv":"1304","pv_mobile":"409","pv_app":"1743","favorite":"17","comment":"1","like":"1"},"related_posts":null,"is_free":"0","is_tovc":"0","template_info":"{\"template_type\":\"small_image\",\"template_title\":\"\\u4ee5\\u836f\\u5e97\\u667a\\u6167\\u91c7\\u8d2d\\u4e3a\\u5207\\u5165\\u70b9\\uff0c\\u9996\\u63a8\\u7684\\u201cSaaS\\u5de5\\u5177+\\u4ea4\\u6613\\u5e73\\u53f0+\\u91d1\\u878d\\u6570\\u636e\\u201dB2B\\u6a21\\u5f0f\\u6d6e\\u51fa\\u6c34\\u9762\",\"template_cover\":[\"https:\\/\\/pic.36krcnd.com\\/avatar\\/201611\\/29135705\\/mg4ph5bwr15bcow6.jpg!heading\"],\"changed\":1}","entity_flag":null,"title_mobile":null,"cover_mobile":null,"column":{"id":"119","name":"融资新闻","introduction":"提供最全的项目报道","bg_color":"#f04666"},"db_counters":[{"id":"751709","entity_type":"post","entity_id":"5057696","count_type":"comment","value":"1"},{"id":"751904","entity_type":"post","entity_id":"5057696","count_type":"favorite","value":"17"},{"id":"753437","entity_type":"post","entity_id":"5057696","count_type":"like","value":"1"},{"id":"751588","entity_type":"post","entity_id":"5057696","count_type":"pv","value":"1304"},{"id":"751589","entity_type":"post","entity_id":"5057696","count_type":"pv_app","value":"1743"},{"id":"751582","entity_type":"post","entity_id":"5057696","count_type":"pv_mobile","value":"409"}],"user":{"id":"194175599","name":"李轶","avatar_url":"https://pic.36krcnd.com//avatar/201607/13072244/gszyqkpowagfhv74.jpg!480","introduction":"微信：15222717815","is_push_outside":"1"}}],"bannerShow|cases":[{"197":{"title":"“没想到游乐园”再次起航丨氪星大爆炸","imgUrl":"https://pic.36krcnd.com/avatar/201808/23015746/a3hffk1iil5xok8x.jpg","adUrl":"https://adx.36kr.com/api/ad/click?sign=b232a78b145b82e4b89c8c50df61770a&param.redirectUrl=https://36kr.com/topics/2354?version%3Dnew&param.adsdk=v0xuGaSJzUqmKj0XVrXH_l8MPdTctqnQYs8qH1wbytR0CTlmSlrQWL2z0C3OCAIt","placement_id":"197","column":{"name":"广告"},"flag":"品牌专题"}}]}