{
    "count": 8,
    "start": 0,
    "subject_collection_items": [
        {
            "original_price": null,
            "rating": {
                "count": 101620,
                "max": 10,
                "value": 7.5
            },
            "actions": [],
            "year": "2018",
            "card_subtitle": "2018 / 美国 / 动作 科幻 冒险 / 佩顿·里德 / 保罗·路德 伊万杰琳·莉莉",
            "id": "26636712",
            "title": "蚁人2：黄蜂女现身",
            "label": null,
            "actors": [
                "保罗·路德",
                "伊万杰琳·莉莉",
                "迈克尔·佩纳"
            ],
            "type": "movie",
            "forum_info": null,
            "description": "",
            "has_linewatch": false,
            "price": null,
            "date": null,
            "info": "美国 / 动作 科幻 冒险 / 佩顿·里德 / 保罗·路德 伊万杰琳·莉莉",
            "url": "https://www.douban.com/doubanapp/dispatch?uri=/movie/26636712/",
            "release_date": "08.24",
            "cover": {
                "url": "https://img1.doubanio.com/view/photo/m_ratio_poster/public/p2529389608.jpg",
                "width": 1968,
                "shape": "rectangle",
                "height": 2756
            },
            "uri": "douban://douban.com/movie/26636712",
            "subtype": "",
            "directors": [
                "佩顿·里德"
            ],
            "reviewer_name": "",
            "null_rating_reason": ""
        },
        {
            "original_price": null,
            "rating": null,
            "actions": [],
            "year": "2018",
            "card_subtitle": "2018 / 中国大陆 / 戏曲 / 滕俊杰 / 尚长荣 言兴朋",
            "id": "30238932",
            "title": "曹操与杨修",
            "label": null,
            "actors": [
                "尚长荣",
                "言兴朋"
            ],
            "type": "movie",
            "forum_info": null,
            "description": "",
            "has_linewatch": false,
            "price": null,
            "date": null,
            "info": "中国大陆 / 戏曲 / 滕俊杰 / 尚长荣 言兴朋",
            "url": "https://www.douban.com/doubanapp/dispatch?uri=/movie/30238932/",
            "release_date": "08.30",
            "cover": {
                "url": "https://img1.doubanio.com/view/photo/m_ratio_poster/public/p2531189407.jpg",
                "width": 577,
                "shape": "rectangle",
                "height": 800
            },
            "uri": "douban://douban.com/movie/30238932",
            "subtype": "",
            "directors": [
                "滕俊杰"
            ],
            "reviewer_name": "",
            "null_rating_reason": "暂无评分"
        },
        {
            "original_price": null,
            "rating": {
                "count": 63745,
                "max": 10,
                "value": 6.0
            },
            "actions": [],
            "year": "2018",
            "card_subtitle": "2018 / 美国 中国大陆 香港 / 动作 科幻 惊悚 / 乔·德特杜巴 / 杰森·斯坦森 李冰冰",
            "id": "26426194",
            "title": "巨齿鲨",
            "label": null,
            "actors": [
                "杰森·斯坦森",
                "李冰冰",
                "雷恩·威尔森"
            ],
            "type": "movie",
            "forum_info": null,
            "description": "",
            "has_linewatch": false,
            "price": null,
            "date": null,
            "info": "美国 中国大陆 香港 / 动作 科幻 惊悚 / 乔·德特杜巴 / 杰森·斯坦森 李冰冰",
            "url": "https://www.douban.com/doubanapp/dispatch?uri=/movie/26426194/",
            "release_date": "08.10",
            "cover": {
                "url": "https://img3.doubanio.com/view/photo/m_ratio_poster/public/p2530572643.jpg",
                "width": 1000,
                "shape": "rectangle",
                "height": 1399
            },
            "uri": "douban://douban.com/movie/26426194",
            "subtype": "",
            "directors": [
                "乔·德特杜巴"
            ],
            "reviewer_name": "",
            "null_rating_reason": ""
        },
        {
            "original_price": null,
            "rating": {
                "count": 255229,
                "max": 10,
                "value": 7.3
            },
            "actions": [],
            "year": "2018",
            "card_subtitle": "2018 / 中国大陆 / 剧情 喜剧 / 黄渤 / 黄渤 舒淇",
            "id": "26985127",
            "title": "一出好戏",
            "label": null,
            "actors": [
                "黄渤",
                "舒淇",
                "王宝强"
            ],
            "type": "movie",
            "forum_info": null,
            "description": "",
            "has_linewatch": false,
            "price": null,
            "date": null,
            "info": "中国大陆 / 剧情 喜剧 / 黄渤 / 黄渤 舒淇",
            "url": "https://www.douban.com/doubanapp/dispatch?uri=/movie/26985127/",
            "release_date": "08.10",
            "cover": {
                "url": "https://img3.doubanio.com/view/photo/m_ratio_poster/public/p2529571873.jpg",
                "width": 1080,
                "shape": "rectangle",
                "height": 1512
            },
            "uri": "douban://douban.com/movie/26985127",
            "subtype": "",
            "directors": [
                "黄渤"
            ],
            "reviewer_name": "",
            "null_rating_reason": ""
        },
        {
            "original_price": null,
            "rating": {
                "count": 55240,
                "max": 10,
                "value": 7.0
            },
            "actions": [],
            "year": "2018",
            "card_subtitle": "2018 / 中国大陆 / 喜剧 奇幻 / 郑芬芬 / 张子枫 彭昱畅",
            "id": "30122633",
            "title": "快把我哥带走",
            "label": null,
            "actors": [
                "张子枫",
                "彭昱畅",
                "赵今麦"
            ],
            "type": "movie",
            "forum_info": null,
            "description": "",
            "has_linewatch": false,
            "price": null,
            "date": null,
            "info": "中国大陆 / 喜剧 奇幻 / 郑芬芬 / 张子枫 彭昱畅",
            "url": "https://www.douban.com/doubanapp/dispatch?uri=/movie/30122633/",
            "release_date": "08.17",
            "cover": {
                "url": "https://img3.doubanio.com/view/photo/m_ratio_poster/public/p2531080870.jpg",
                "width": 5000,
                "shape": "rectangle",
                "height": 7000
            },
            "uri": "douban://douban.com/movie/30122633",
            "subtype": "",
            "directors": [
                "郑芬芬"
            ],
            "reviewer_name": "",
            "null_rating_reason": ""
        },
        {
            "original_price": null,
            "rating": {
                "count": 4741,
                "max": 10,
                "value": 5.4
            },
            "actions": [],
            "year": "2018",
            "card_subtitle": "2018 / 中国大陆 香港 / 喜剧 动作 / 阚家伟 / 甄子丹 陈乔恩",
            "id": "27201353",
            "title": "大师兄",
            "label": null,
            "actors": [
                "甄子丹",
                "陈乔恩",
                "喻亢"
            ],
            "type": "movie",
            "forum_info": null,
            "description": "",
            "has_linewatch": false,
            "price": null,
            "date": null,
            "info": "中国大陆 香港 / 喜剧 动作 / 阚家伟 / 甄子丹 陈乔恩",
            "url": "https://www.douban.com/doubanapp/dispatch?uri=/movie/27201353/",
            "release_date": "08.24",
            "cover": {
                "url": "https://img1.doubanio.com/view/photo/m_ratio_poster/public/p2528842218.jpg",
                "width": 679,
                "shape": "rectangle",
                "height": 950
            },
            "uri": "douban://douban.com/movie/27201353",
            "subtype": "",
            "directors": [
                "阚家伟"
            ],
            "reviewer_name": "",
            "null_rating_reason": ""
        },
        {
            "original_price": null,
            "rating": {
                "count": 25928,
                "max": 10,
                "value": 6.9
            },
            "actions": [],
            "year": "2018",
            "card_subtitle": "2018 / 美国 / 喜剧 动画 奇幻 / 格恩迪·塔塔科夫斯基 / 亚当·桑德勒 凯瑟琳·哈恩",
            "id": "26630714",
            "title": "精灵旅社3：疯狂假期",
            "label": null,
            "actors": [
                "亚当·桑德勒",
                "凯瑟琳·哈恩",
                "史蒂夫·布西密"
            ],
            "type": "movie",
            "forum_info": null,
            "description": "",
            "has_linewatch": false,
            "price": null,
            "date": null,
            "info": "美国 / 喜剧 动画 奇幻 / 格恩迪·塔塔科夫斯基 / 亚当·桑德勒 凯瑟琳·哈恩",
            "url": "https://www.douban.com/doubanapp/dispatch?uri=/movie/26630714/",
            "release_date": "08.17",
            "cover": {
                "url": "https://img3.doubanio.com/view/photo/m_ratio_poster/public/p2530591543.jpg",
                "width": 1371,
                "shape": "rectangle",
                "height": 1920
            },
            "uri": "douban://douban.com/movie/26630714",
            "subtype": "",
            "directors": [
                "格恩迪·塔塔科夫斯基"
            ],
            "reviewer_name": "",
            "null_rating_reason": ""
        },
        {
            "original_price": null,
            "rating": {
                "count": 307181,
                "max": 10,
                "value": 6.7
            },
            "actions": [],
            "year": "2018",
            "card_subtitle": "2018 / 中国大陆 / 喜剧 / 闫非 彭大魔 / 沈腾 宋芸桦",
            "id": "27605698",
            "title": "西虹市首富",
            "label": null,
            "actors": [
                "沈腾",
                "宋芸桦",
                "张一鸣"
            ],
            "type": "movie",
            "forum_info": null,
            "description": "",
            "has_linewatch": false,
            "price": null,
            "date": null,
            "info": "中国大陆 / 喜剧 / 闫非 / 沈腾 宋芸桦",
            "url": "https://www.douban.com/doubanapp/dispatch?uri=/movie/27605698/",
            "release_date": "07.27",
            "cover": {
                "url": "https://img1.doubanio.com/view/photo/m_ratio_poster/public/p2529206747.jpg",
                "width": 679,
                "shape": "rectangle",
                "height": 950
            },
            "uri": "douban://douban.com/movie/27605698",
            "subtype": "",
            "directors": [
                "闫非"
            ],
            "reviewer_name": "",
            "null_rating_reason": ""
        }
    ],
    "total": 43,
    "subject_collection": {
        "subject_count": 43,
        "sharing_url": "https://www.douban.com/doubanapp/dispatch?uri=/subject_collection/movie_showing/",
        "display": {
            "layout": "grid"
        },
        "url": "https://m.douban.com/app_topic/movie_showing",
        "description": "",
        "uri": "douban://douban.com/subject_collection/movie_showing",
        "cover_url": "",
        "mini_program_page": "",
        "mini_program_name": "",
        "id": "movie_showing",
        "name": "影院热映"
    }
}